,status_of_existing_checking_account,duration_(months),credit_history,purpose,credit_amount,savings_account/bonds,present_employment_since,installment_rate,personal_status_sex,other_debtors,present_residence,property,age,other_installment_plans,housing,number_of_existing_credits,job,no._of_people_being_liable_to_provide_maintenance,telephone,foreign_worker,class
0,A11,0-10,A34,A43,0-2500,A65,A75,4,A93,A101,4,A121,60-70,A143,A152,2,A173,1,A192,A201,1
1,A12,40-50,A32,A43,5000-7500,A61,A73,2,A92,A101,2,A121,20-30,A143,A152,1,A173,1,A191,A201,2
2,A14,10-20,A34,A46,0-2500,A61,A74,2,A93,A101,3,A121,40-50,A143,A152,1,A172,2,A191,A201,1
3,A11,40-50,A32,A42,7500-10000,A61,A74,2,A93,A103,4,A122,40-50,A143,A153,1,A173,2,A191,A201,1
4,A11,20-30,A33,A40,2500-5000,A61,A73,3,A93,A101,4,A124,50-60,A143,A153,2,A173,2,A191,A201,2
5,A14,30-40,A32,A46,7500-10000,A65,A73,2,A93,A101,4,A124,30-40,A143,A153,1,A172,2,A192,A201,1
6,A14,20-30,A32,A42,2500-5000,A63,A75,3,A93,A101,4,A122,50-60,A143,A152,1,A173,1,A191,A201,1
7,A12,30-40,A32,A41,5000-7500,A61,A73,2,A93,A101,2,A123,30-40,A143,A151,1,A174,1,A192,A201,1
8,A14,10-20,A32,A43,2500-5000,A64,A74,2,A91,A101,4,A121,60-70,A143,A152,1,A172,1,A191,A201,1
9,A12,20-30,A34,A40,5000-7500,A61,A71,4,A94,A101,2,A123,20-30,A143,A152,2,A174,1,A191,A201,2
10,A12,10-20,A32,A40,0-2500,A61,A72,3,A92,A101,1,A123,20-30,A143,A151,1,A173,1,A191,A201,2
11,A11,40-50,A32,A49,2500-5000,A61,A72,3,A92,A101,4,A122,20-30,A143,A151,1,A173,1,A191,A201,2
12,A12,10-20,A32,A43,0-2500,A61,A73,1,A92,A101,1,A123,20-30,A143,A152,1,A173,1,A192,A201,1
13,A11,20-30,A34,A40,0-2500,A61,A75,4,A93,A101,4,A123,50-60,A143,A152,2,A172,1,A191,A201,2
14,A11,10-20,A32,A40,0-2500,A61,A73,2,A92,A101,4,A123,20-30,A143,A151,1,A173,1,A191,A201,1
15,A11,20-30,A32,A43,0-2500,A62,A73,4,A92,A101,2,A123,30-40,A143,A152,1,A172,1,A191,A201,2
16,A14,20-30,A34,A43,0-2500,A65,A75,4,A93,A101,4,A122,50-60,A143,A152,2,A173,1,A191,A201,1
17,A11,20-30,A30,A49,7500-10000,A65,A72,2,A93,A101,3,A123,20-30,A141,A152,3,A173,1,A191,A201,1
18,A12,20-30,A32,A41,12500-15000,A61,A75,4,A92,A101,2,A124,40-50,A143,A153,1,A174,1,A192,A201,2
19,A14,20-30,A32,A43,2500-5000,A63,A75,3,A93,A101,2,A123,30-40,A143,A152,1,A173,2,A192,A201,1
20,A14,0-10,A34,A40,0-2500,A61,A73,4,A93,A101,4,A123,40-50,A143,A152,3,A173,1,A192,A201,1
21,A11,0-10,A32,A43,2500-5000,A63,A73,2,A93,A101,3,A121,40-50,A143,A151,1,A173,2,A191,A201,1
22,A11,0-10,A34,A40,0-2500,A61,A72,1,A93,A101,3,A121,40-50,A143,A151,2,A172,2,A191,A202,1
23,A12,10-20,A34,A41,0-2500,A62,A72,3,A93,A101,4,A122,40-50,A143,A152,1,A173,1,A191,A201,1
24,A14,0-10,A34,A42,0-2500,A65,A73,2,A94,A101,1,A123,20-30,A143,A152,2,A173,1,A191,A202,1
25,A11,0-10,A32,A42,0-2500,A61,A73,1,A93,A101,2,A121,30-40,A141,A152,1,A172,1,A192,A201,1
26,A14,0-10,A30,A43,0-2500,A61,A75,4,A94,A101,4,A123,30-40,A143,A152,1,A172,1,A191,A201,1
27,A13,10-20,A31,A43,0-2500,A64,A73,3,A92,A101,3,A121,40-50,A143,A151,2,A173,1,A191,A201,1
28,A12,0-10,A32,A43,0-2500,A61,A73,3,A93,A103,2,A121,30-40,A143,A152,1,A173,1,A191,A201,1
29,A11,50-60,A33,A49,5000-7500,A61,A75,3,A93,A101,4,A124,60-70,A143,A152,2,A173,1,A192,A201,2
30,A12,10-20,A32,A49,0-2500,A64,A72,3,A94,A101,3,A121,30-40,A141,A152,1,A173,1,A192,A201,1
31,A11,20-30,A32,A42,2500-5000,A61,A73,2,A93,A101,2,A123,20-30,A142,A152,1,A173,1,A191,A201,1
32,A12,10-20,A32,A40,5000-7500,A62,A73,2,A93,A101,2,A123,20-30,A143,A152,2,A173,1,A192,A201,1
33,A14,10-20,A34,A49,0-2500,A65,A75,4,A93,A101,4,A124,50-60,A143,A151,1,A172,1,A191,A201,1
34,A13,10-20,A32,A42,0-2500,A61,A72,4,A92,A101,1,A122,30-40,A141,A152,1,A174,1,A192,A201,1
35,A12,40-50,A34,A43,2500-5000,A61,A72,4,A93,A101,2,A122,20-30,A143,A152,2,A172,1,A191,A201,2
36,A14,40-50,A34,A46,5000-7500,A61,A73,1,A93,A101,3,A124,30-40,A141,A153,1,A173,1,A192,A201,1
37,A13,10-20,A32,A43,0-2500,A61,A73,4,A93,A102,2,A121,30-40,A142,A152,1,A173,1,A191,A201,2
38,A13,0-10,A32,A44,0-2500,A61,A73,2,A93,A101,2,A123,30-40,A143,A152,1,A173,1,A192,A201,1
39,A12,0-10,A32,A43,0-2500,A61,A73,4,A93,A101,3,A121,20-30,A143,A152,1,A173,1,A191,A201,1
40,A14,20-30,A32,A43,0-2500,A63,A75,4,A93,A101,2,A123,20-30,A141,A152,1,A174,1,A191,A201,1
41,A12,10-20,A32,A43,0-2500,A63,A73,3,A91,A101,1,A123,20-30,A143,A152,1,A173,1,A192,A201,1
42,A12,10-20,A33,A45,5000-7500,A61,A73,2,A93,A101,4,A121,40-50,A143,A152,1,A172,2,A192,A201,1
43,A11,20-30,A34,A41,5000-7500,A62,A74,1,A94,A101,4,A123,20-30,A143,A151,2,A173,1,A191,A201,1
44,A11,40-50,A34,A41,5000-7500,A61,A75,4,A92,A101,4,A124,50-60,A142,A153,2,A172,1,A191,A201,2
45,A14,10-20,A34,A40,0-2500,A61,A72,4,A92,A101,4,A123,30-40,A143,A152,2,A174,1,A191,A201,1
46,A14,30-40,A32,A43,0-2500,A63,A75,4,A93,A101,4,A123,30-40,A143,A152,1,A173,1,A191,A201,1
47,A11,0-10,A32,A41,0-2500,A63,A71,1,A92,A101,2,A122,20-30,A143,A151,1,A171,1,A192,A201,1
48,A14,10-20,A34,A40,5000-7500,A61,A73,1,A93,A101,4,A122,30-40,A143,A152,2,A172,1,A191,A201,1
49,A14,10-20,A32,A43,0-2500,A62,A73,4,A92,A102,2,A121,20-30,A143,A152,1,A173,1,A191,A201,1
50,A12,20-30,A33,A42,0-2500,A65,A72,4,A93,A101,2,A122,20-30,A141,A152,1,A172,1,A191,A201,1
51,A12,20-30,A33,A41,5000-7500,A61,A75,1,A93,A101,2,A123,20-30,A143,A152,2,A174,1,A192,A201,1
52,A14,10-20,A32,A43,0-2500,A61,A73,3,A93,A101,2,A123,20-30,A143,A152,1,A173,1,A191,A201,1
53,A14,10-20,A32,A41,2500-5000,A65,A73,2,A93,A101,1,A122,30-40,A143,A152,1,A173,1,A192,A201,1
54,A12,30-40,A33,A40,0-2500,A61,A75,4,A93,A101,4,A124,50-60,A141,A153,2,A173,1,A192,A201,2
55,A14,0-10,A31,A40,0-2500,A65,A73,1,A93,A103,2,A121,20-30,A142,A152,1,A172,2,A191,A201,1
56,A12,10-20,A32,A43,5000-7500,A65,A71,2,A93,A101,1,A124,50-60,A143,A152,1,A174,1,A192,A201,2
57,A14,30-40,A34,A43,7500-10000,A61,A73,2,A92,A101,2,A123,30-40,A142,A152,2,A173,1,A191,A201,1
58,A13,10-20,A32,A40,0-2500,A61,A75,3,A92,A101,2,A123,20-30,A143,A152,1,A174,1,A191,A201,1
59,A11,30-40,A34,A42,5000-7500,A61,A72,4,A92,A102,4,A124,20-30,A143,A151,2,A172,1,A192,A201,2
60,A12,0-10,A32,A49,0-2500,A61,A73,2,A94,A101,1,A121,20-30,A141,A152,1,A173,1,A192,A201,1
61,A12,10-20,A34,A43,0-2500,A65,A75,4,A93,A103,4,A121,40-50,A143,A152,2,A173,1,A192,A201,1
62,A12,30-40,A30,A49,0-2500,A61,A75,4,A93,A101,4,A124,60-70,A143,A153,1,A174,1,A192,A201,2
63,A12,40-50,A30,A49,12500-15000,A61,A73,2,A93,A101,2,A123,20-30,A143,A152,1,A173,1,A192,A201,2
64,A14,20-30,A32,A43,2500-5000,A61,A72,4,A92,A101,4,A122,20-30,A143,A152,1,A173,1,A192,A201,1
65,A14,20-30,A32,A45,5000-7500,A65,A75,4,A93,A101,4,A122,40-50,A143,A152,4,A173,2,A192,A201,1
66,A14,10-20,A32,A43,0-2500,A61,A72,2,A92,A101,2,A123,20-30,A141,A152,1,A173,1,A191,A201,1
67,A12,10-20,A32,A40,0-2500,A64,A73,4,A94,A101,1,A121,20-30,A143,A152,1,A173,1,A191,A201,1
68,A14,30-40,A32,A46,0-2500,A61,A73,4,A93,A101,4,A124,30-40,A142,A153,1,A173,1,A192,A201,2
69,A14,30-40,A32,A43,0-2500,A65,A73,4,A92,A101,4,A123,20-30,A143,A152,1,A173,1,A191,A201,1
70,A14,30-40,A32,A41,7500-10000,A61,A73,1,A92,A101,2,A122,20-30,A141,A152,1,A173,1,A191,A201,1
71,A14,0-10,A34,A43,0-2500,A65,A75,4,A93,A101,2,A122,40-50,A143,A151,2,A172,1,A192,A201,1
72,A11,0-10,A34,A410,0-2500,A61,A75,3,A93,A101,4,A124,50-60,A141,A153,2,A174,2,A192,A201,1
73,A12,40-50,A34,A49,5000-7500,A61,A74,2,A92,A101,1,A121,40-50,A141,A152,2,A172,1,A191,A201,1
74,A11,30-40,A32,A46,0-2500,A65,A75,4,A93,A101,4,A124,30-40,A143,A152,1,A174,1,A192,A201,2
75,A11,10-20,A34,A41,0-2500,A61,A75,4,A93,A101,4,A124,60-70,A143,A153,2,A174,1,A191,A201,1
76,A11,40-50,A32,A43,2500-5000,A61,A72,4,A93,A101,3,A123,30-40,A143,A152,1,A173,1,A191,A201,2
77,A12,10-20,A33,A43,2500-5000,A61,A74,2,A93,A101,4,A122,50-60,A143,A152,1,A173,1,A191,A201,1
78,A14,50-60,A30,A41,7500-10000,A65,A73,2,A93,A101,2,A122,30-40,A143,A152,1,A172,2,A191,A201,1
79,A12,20-30,A32,A42,2500-5000,A61,A72,2,A94,A101,1,A122,20-30,A143,A152,1,A173,1,A191,A201,1
80,A14,20-30,A32,A43,5000-7500,A65,A72,1,A92,A101,1,A123,40-50,A143,A152,2,A173,1,A192,A201,2
81,A14,10-20,A32,A43,0-2500,A63,A75,4,A93,A101,3,A122,40-50,A142,A152,1,A173,1,A192,A201,1
82,A14,10-20,A32,A49,0-2500,A62,A73,3,A92,A101,4,A122,20-30,A143,A151,1,A172,1,A191,A201,1
83,A11,20-30,A32,A410,0-2500,A61,A75,4,A92,A103,4,A121,50-60,A143,A152,1,A172,1,A192,A201,1
84,A11,0-10,A32,A43,0-2500,A61,A75,3,A93,A101,4,A121,50-60,A143,A152,1,A172,1,A191,A201,1
85,A14,10-20,A34,A49,0-2500,A61,A73,4,A92,A103,2,A121,20-30,A143,A152,2,A174,1,A192,A201,1
86,A12,10-20,A34,A42,0-2500,A61,A72,4,A92,A101,1,A122,20-30,A143,A152,2,A173,1,A191,A201,1
87,A12,30-40,A32,A46,12500-15000,A62,A73,1,A93,A101,4,A124,40-50,A143,A153,1,A173,2,A192,A201,2
88,A11,10-20,A32,A40,0-2500,A62,A74,4,A93,A101,3,A123,20-30,A143,A152,1,A174,2,A192,A201,1
89,A11,10-20,A30,A45,0-2500,A61,A74,4,A93,A101,3,A121,20-30,A143,A152,2,A173,1,A191,A201,2
90,A14,10-20,A34,A43,0-2500,A61,A75,4,A93,A101,4,A121,50-60,A143,A152,1,A173,1,A191,A201,1
91,A11,10-20,A34,A41,0-2500,A61,A75,4,A93,A101,3,A121,50-60,A143,A152,1,A173,1,A191,A201,1
92,A14,10-20,A34,A43,0-2500,A65,A75,4,A92,A101,3,A122,30-40,A141,A152,1,A172,2,A191,A201,2
93,A13,20-30,A34,A42,2500-5000,A65,A75,4,A93,A102,4,A124,10-20,A143,A151,2,A173,1,A191,A201,1
94,A12,10-20,A32,A40,0-2500,A64,A75,4,A93,A101,4,A121,50-60,A143,A152,1,A173,1,A192,A201,1
95,A12,50-60,A30,A49,15000-17500,A61,A72,3,A93,A101,4,A124,50-60,A143,A151,1,A173,1,A192,A201,2
96,A14,10-20,A34,A46,0-2500,A65,A74,4,A92,A101,2,A123,60-70,A143,A152,1,A173,1,A191,A201,1
97,A12,10-20,A32,A49,2500-5000,A62,A73,4,A93,A101,4,A123,30-40,A143,A152,1,A173,1,A191,A201,1
98,A12,30-40,A34,A43,0-2500,A61,A75,4,A93,A101,4,A121,30-40,A143,A152,1,A173,1,A191,A201,1
99,A12,10-20,A33,A41,5000-7500,A65,A74,3,A93,A101,4,A122,30-40,A141,A151,2,A174,2,A192,A201,1
100,A14,20-30,A32,A40,0-2500,A62,A75,4,A94,A101,4,A121,40-50,A143,A151,1,A172,1,A191,A201,1
101,A12,30-40,A32,A43,0-2500,A61,A74,4,A93,A101,4,A123,20-30,A143,A151,1,A173,1,A191,A201,1
102,A14,0-10,A33,A43,0-2500,A61,A73,3,A92,A101,2,A121,20-30,A143,A152,1,A173,1,A191,A201,1
103,A12,0-10,A34,A42,0-2500,A61,A74,4,A93,A101,3,A123,30-40,A143,A151,1,A173,1,A192,A201,1
104,A14,10-20,A32,A41,0-2500,A65,A72,2,A94,A101,4,A123,20-30,A143,A151,1,A173,1,A192,A201,1
105,A12,20-30,A34,A410,10000-12500,A61,A73,2,A93,A102,3,A123,30-40,A143,A152,2,A174,2,A192,A201,2
106,A14,10-20,A31,A40,5000-7500,A61,A75,2,A93,A101,4,A124,30-40,A141,A152,2,A174,2,A192,A201,2
107,A12,10-20,A32,A40,5000-7500,A61,A74,2,A93,A101,2,A123,30-40,A143,A152,1,A173,1,A191,A201,1
108,A11,20-30,A32,A42,7500-10000,A65,A72,1,A92,A101,2,A122,20-30,A143,A152,1,A173,1,A192,A202,1
109,A12,10-20,A32,A49,0-2500,A63,A75,1,A94,A101,2,A121,30-40,A143,A152,1,A173,1,A192,A201,1
110,A12,0-10,A33,A49,0-2500,A62,A75,1,A91,A101,2,A123,30-40,A141,A152,2,A173,2,A191,A201,1
111,A13,10-20,A32,A46,0-2500,A61,A72,4,A92,A101,4,A122,20-30,A143,A151,1,A173,1,A192,A201,1
112,A12,10-20,A32,A40,5000-7500,A61,A74,3,A93,A101,3,A121,20-30,A143,A151,1,A172,1,A191,A201,1
113,A14,30-40,A34,A40,7500-10000,A61,A73,4,A92,A101,2,A121,20-30,A142,A152,2,A173,1,A192,A201,2
114,A11,10-20,A32,A43,0-2500,A63,A75,3,A94,A101,1,A121,30-40,A143,A152,1,A173,1,A191,A201,1
115,A14,40-50,A34,A43,2500-5000,A65,A75,4,A93,A101,1,A121,40-50,A143,A152,1,A173,1,A192,A201,1
116,A11,40-50,A32,A43,5000-7500,A65,A74,4,A92,A101,3,A123,20-30,A143,A152,1,A174,1,A192,A201,2
117,A11,0-10,A34,A42,0-2500,A65,A72,2,A92,A102,3,A121,20-30,A143,A151,2,A173,1,A191,A202,1
118,A11,30-40,A34,A42,2500-5000,A63,A73,1,A92,A101,4,A123,20-30,A143,A152,2,A173,1,A191,A201,2
119,A12,10-20,A34,A40,0-2500,A63,A74,3,A91,A101,3,A123,30-40,A143,A152,1,A174,1,A192,A201,1
120,A11,20-30,A32,A43,0-2500,A61,A73,3,A92,A101,2,A121,20-30,A143,A152,2,A173,1,A192,A201,2
121,A14,20-30,A34,A41,2500-5000,A61,A75,4,A92,A101,2,A123,40-50,A143,A151,2,A174,1,A192,A201,1
122,A14,10-20,A32,A42,0-2500,A61,A73,3,A93,A101,2,A121,20-30,A143,A151,1,A172,1,A191,A201,1
123,A13,0-10,A34,A40,0-2500,A61,A75,4,A93,A101,4,A124,60-70,A143,A153,2,A173,1,A192,A201,1
124,A12,10-20,A32,A42,0-2500,A65,A72,4,A92,A101,3,A121,20-30,A143,A151,1,A173,1,A191,A201,2
125,A11,10-20,A34,A40,0-2500,A61,A73,4,A93,A101,2,A122,20-30,A143,A152,2,A173,1,A191,A201,1
126,A11,10-20,A32,A43,0-2500,A61,A73,4,A94,A101,2,A121,30-40,A143,A152,1,A172,1,A191,A201,1
127,A12,10-20,A32,A45,0-2500,A61,A73,4,A93,A101,2,A123,20-30,A143,A152,1,A173,1,A191,A201,2
128,A12,10-20,A34,A41,0-2500,A61,A71,4,A93,A101,2,A123,30-40,A143,A152,2,A174,1,A192,A201,1
129,A11,10-20,A34,A40,2500-5000,A61,A73,3,A92,A102,2,A121,20-30,A143,A152,2,A173,1,A191,A201,2
130,A12,40-50,A32,A40,7500-10000,A65,A74,1,A92,A101,2,A123,20-30,A143,A152,1,A173,1,A191,A201,1
131,A11,30-40,A33,A46,5000-7500,A61,A73,4,A93,A101,3,A122,20-30,A142,A152,1,A173,1,A192,A201,2
132,A14,10-20,A32,A42,2500-5000,A61,A72,2,A93,A101,3,A122,20-30,A141,A152,2,A172,1,A191,A201,1
133,A14,10-20,A32,A42,0-2500,A61,A73,4,A93,A101,4,A124,40-50,A141,A153,2,A173,1,A191,A201,1
134,A14,50-60,A32,A43,10000-12500,A62,A74,2,A92,A101,4,A121,20-30,A143,A152,1,A173,1,A192,A201,1
135,A14,10-20,A34,A43,0-2500,A65,A75,4,A92,A101,2,A121,30-40,A143,A152,2,A173,1,A192,A201,1
136,A14,20-30,A33,A41,7500-10000,A64,A73,2,A93,A101,2,A123,20-30,A143,A152,2,A173,1,A191,A201,1
137,A12,10-20,A32,A43,0-2500,A63,A73,4,A93,A101,3,A121,60-70,A143,A152,1,A172,1,A191,A201,2
138,A12,10-20,A34,A43,2500-5000,A65,A74,4,A93,A103,2,A121,30-40,A141,A152,3,A173,1,A192,A201,1
139,A13,10-20,A32,A43,0-2500,A61,A73,2,A92,A101,2,A123,40-50,A143,A151,1,A172,1,A192,A201,1
140,A13,0-10,A32,A40,0-2500,A64,A72,2,A94,A101,2,A121,20-30,A143,A152,1,A171,1,A191,A202,1
141,A12,30-40,A32,A43,2500-5000,A61,A72,4,A92,A101,1,A124,20-30,A143,A152,1,A174,1,A192,A201,1
142,A11,20-30,A32,A43,2500-5000,A61,A73,3,A93,A101,2,A123,20-30,A143,A152,1,A174,1,A191,A201,1
143,A11,10-20,A32,A42,0-2500,A61,A73,2,A93,A101,2,A123,20-30,A143,A152,1,A173,1,A191,A201,2
144,A14,20-30,A34,A42,0-2500,A61,A72,4,A92,A101,4,A122,20-30,A143,A152,1,A173,1,A192,A201,1
145,A12,40-50,A31,A49,2500-5000,A62,A74,4,A93,A101,2,A123,20-30,A143,A152,1,A173,1,A191,A201,1
146,A11,0-10,A34,A40,0-2500,A61,A75,1,A92,A101,4,A124,30-40,A143,A152,2,A173,1,A192,A201,1
147,A14,10-20,A34,A40,0-2500,A62,A74,4,A92,A101,3,A123,50-60,A143,A152,2,A173,1,A192,A201,1
148,A11,30-40,A34,A42,5000-7500,A61,A73,3,A93,A103,2,A122,20-30,A143,A152,2,A173,1,A191,A201,1
149,A14,10-20,A34,A43,0-2500,A64,A75,4,A93,A101,4,A123,40-50,A143,A152,2,A173,1,A191,A201,1
150,A14,0-10,A32,A43,0-2500,A62,A75,2,A93,A101,4,A124,40-50,A141,A153,1,A173,2,A192,A201,1
151,A14,0-10,A32,A43,0-2500,A61,A73,1,A93,A101,4,A122,30-40,A143,A152,1,A173,1,A192,A202,1
152,A13,30-40,A32,A43,5000-7500,A61,A73,4,A93,A101,1,A123,20-30,A143,A152,1,A173,1,A191,A201,1
153,A12,20-30,A34,A41,7500-10000,A64,A75,2,A92,A101,4,A124,20-30,A143,A151,1,A173,1,A191,A201,1
154,A12,20-30,A33,A49,5000-7500,A62,A74,4,A93,A101,4,A123,30-40,A143,A151,1,A174,1,A192,A201,1
155,A11,10-20,A32,A42,0-2500,A61,A73,2,A92,A101,4,A123,10-20,A143,A151,1,A173,1,A191,A201,2
156,A11,0-10,A34,A45,0-2500,A62,A75,3,A93,A103,4,A121,40-50,A143,A152,2,A173,2,A191,A202,1
157,A11,10-20,A31,A48,0-2500,A61,A75,4,A94,A101,1,A123,40-50,A141,A152,1,A172,1,A191,A201,1
158,A12,20-30,A32,A40,2500-5000,A62,A74,2,A93,A101,3,A123,30-40,A141,A152,2,A173,1,A192,A201,1
159,A14,0-10,A34,A43,0-2500,A65,A73,1,A93,A101,2,A121,30-40,A143,A152,2,A172,2,A191,A201,1
160,A14,20-30,A34,A43,2500-5000,A62,A75,3,A93,A101,4,A121,30-40,A143,A152,1,A173,2,A192,A201,1
161,A14,10-20,A34,A40,0-2500,A61,A72,4,A92,A101,1,A122,20-30,A143,A152,2,A173,1,A191,A201,1
162,A14,10-20,A32,A44,0-2500,A63,A74,4,A93,A101,3,A122,30-40,A143,A152,2,A173,1,A192,A201,1
163,A12,0-10,A32,A40,5000-7500,A61,A71,2,A93,A101,4,A124,60-70,A141,A153,1,A174,1,A192,A201,1
164,A14,30-40,A32,A40,0-2500,A63,A75,4,A93,A101,4,A122,30-40,A143,A152,1,A173,1,A191,A201,1
165,A14,0-10,A32,A42,2500-5000,A63,A73,1,A93,A101,2,A123,30-40,A143,A152,1,A173,1,A192,A201,1
166,A11,10-20,A32,A42,0-2500,A61,A71,4,A92,A101,2,A123,30-40,A143,A152,1,A173,1,A191,A201,2
167,A12,10-20,A32,A42,0-2500,A64,A72,4,A92,A101,1,A121,10-20,A143,A152,1,A173,1,A191,A201,1
168,A14,20-30,A32,A42,2500-5000,A61,A74,2,A92,A101,4,A122,20-30,A143,A151,1,A173,1,A192,A201,1
169,A12,20-30,A34,A49,0-2500,A61,A75,4,A91,A101,4,A121,30-40,A143,A152,2,A173,1,A192,A201,2
170,A11,10-20,A30,A40,0-2500,A61,A75,4,A93,A101,3,A123,30-40,A143,A151,2,A173,2,A191,A201,2
171,A14,10-20,A32,A42,0-2500,A61,A73,4,A92,A101,1,A121,20-30,A143,A152,1,A173,1,A192,A201,1
172,A12,20-30,A33,A42,0-2500,A61,A71,3,A92,A101,2,A122,30-40,A143,A152,1,A174,1,A192,A201,2
173,A12,0-10,A32,A43,0-2500,A61,A73,4,A93,A103,2,A121,30-40,A143,A152,1,A173,1,A191,A202,1
174,A11,20-30,A33,A46,2500-5000,A61,A72,2,A93,A101,1,A122,20-30,A143,A152,2,A173,1,A191,A201,2
175,A14,20-30,A31,A41,5000-7500,A65,A71,4,A92,A101,1,A121,50-60,A141,A152,1,A174,1,A192,A201,2
176,A11,10-20,A32,A42,2500-5000,A61,A73,2,A91,A101,1,A123,40-50,A143,A152,1,A173,1,A191,A201,1
177,A11,0-10,A34,A43,0-2500,A63,A75,4,A93,A101,4,A123,50-60,A143,A152,2,A173,1,A191,A201,1
178,A14,10-20,A32,A43,0-2500,A61,A74,4,A93,A101,2,A123,30-40,A143,A151,2,A174,2,A192,A201,1
179,A11,20-30,A34,A40,0-2500,A61,A75,4,A93,A101,4,A121,60-70,A143,A152,2,A173,1,A191,A201,1
180,A14,30-40,A33,A49,7500-10000,A61,A72,1,A91,A101,1,A123,20-30,A143,A152,2,A173,1,A191,A201,2
181,A12,30-40,A33,A49,2500-5000,A61,A73,2,A91,A101,2,A121,20-30,A142,A152,2,A174,1,A192,A201,2
182,A11,20-30,A31,A40,0-2500,A65,A73,4,A93,A101,2,A122,30-40,A143,A152,2,A172,2,A191,A201,2
183,A14,20-30,A34,A42,2500-5000,A64,A73,4,A93,A101,4,A121,40-50,A143,A152,1,A173,1,A192,A201,1
184,A12,10-20,A34,A40,0-2500,A61,A75,4,A93,A101,4,A123,30-40,A141,A152,1,A173,2,A192,A201,2
185,A14,10-20,A34,A43,0-2500,A61,A73,4,A93,A101,2,A122,30-40,A143,A152,2,A173,1,A191,A201,1
186,A12,0-10,A31,A41,5000-7500,A61,A75,2,A92,A101,4,A124,70-80,A141,A153,1,A174,2,A192,A201,2
187,A12,10-20,A34,A40,0-2500,A61,A71,2,A93,A101,3,A123,60-70,A143,A153,3,A171,1,A192,A201,1
188,A11,10-20,A32,A43,0-2500,A62,A74,4,A94,A101,1,A122,10-20,A143,A152,1,A173,1,A191,A201,2
189,A12,10-20,A30,A42,2500-5000,A61,A73,1,A92,A101,4,A123,30-40,A141,A152,2,A173,1,A192,A201,1
190,A14,20-30,A32,A49,2500-5000,A64,A73,2,A93,A101,3,A122,50-60,A143,A152,3,A174,1,A192,A201,2
191,A12,40-50,A30,A49,2500-5000,A62,A74,4,A93,A101,4,A124,30-40,A143,A153,1,A172,2,A191,A201,2
192,A12,20-30,A32,A49,2500-5000,A61,A73,4,A93,A101,2,A123,30-40,A143,A152,1,A173,2,A192,A201,2
193,A14,0-10,A32,A43,0-2500,A61,A74,2,A94,A101,2,A121,20-30,A143,A151,1,A173,1,A191,A201,1
194,A12,40-50,A32,A43,2500-5000,A62,A73,4,A93,A103,4,A122,20-30,A143,A151,1,A173,1,A191,A201,2
195,A12,0-10,A34,A46,0-2500,A61,A75,2,A92,A101,3,A123,30-40,A143,A152,2,A174,1,A192,A201,2
196,A14,0-10,A34,A43,0-2500,A61,A73,1,A92,A101,1,A123,20-30,A143,A152,2,A173,1,A192,A201,1
197,A12,10-20,A32,A42,0-2500,A62,A72,4,A92,A101,4,A123,20-30,A141,A151,4,A173,1,A191,A201,2
198,A12,20-30,A32,A41,2500-5000,A65,A75,4,A93,A101,4,A124,30-40,A141,A153,1,A173,1,A192,A201,1
199,A12,10-20,A33,A42,2500-5000,A61,A75,4,A91,A101,3,A124,30-40,A143,A152,1,A174,1,A192,A201,2
200,A14,0-10,A34,A46,0-2500,A63,A75,4,A93,A101,2,A123,50-60,A143,A152,2,A173,1,A192,A201,1
201,A11,10-20,A32,A40,0-2500,A61,A73,4,A94,A101,3,A121,20-30,A143,A152,1,A172,1,A191,A201,1
202,A14,20-30,A33,A49,5000-7500,A61,A74,3,A93,A101,4,A123,20-30,A143,A152,2,A173,1,A191,A201,1
203,A11,10-20,A32,A48,0-2500,A61,A74,4,A94,A101,4,A122,20-30,A143,A151,1,A173,1,A191,A201,2
204,A14,10-20,A34,A40,0-2500,A61,A75,4,A93,A101,1,A121,30-40,A143,A152,2,A172,2,A191,A201,1
205,A11,20-30,A34,A41,10000-12500,A61,A75,3,A93,A101,4,A124,30-40,A143,A153,3,A174,2,A192,A201,1
206,A14,10-20,A34,A42,0-2500,A61,A75,4,A93,A101,4,A121,40-50,A143,A152,3,A173,1,A192,A201,1
207,A12,10-20,A34,A44,0-2500,A61,A74,4,A93,A101,3,A122,20-30,A143,A152,1,A173,1,A191,A201,1
208,A11,20-30,A32,A49,5000-7500,A61,A73,2,A94,A101,2,A123,20-30,A142,A152,1,A172,1,A191,A201,1
209,A14,10-20,A32,A41,0-2500,A64,A74,3,A93,A101,2,A122,50-60,A143,A152,1,A173,1,A191,A202,1
210,A14,0-10,A34,A43,2500-5000,A65,A73,1,A93,A101,2,A121,30-40,A143,A152,2,A173,2,A191,A201,1
211,A14,30-40,A32,A43,2500-5000,A65,A75,2,A92,A101,4,A121,40-50,A143,A152,1,A172,1,A192,A201,1
212,A11,20-30,A30,A49,5000-7500,A61,A71,2,A93,A101,4,A122,40-50,A142,A152,2,A173,1,A192,A201,2
213,A13,20-30,A33,A49,0-2500,A61,A75,4,A93,A101,4,A121,60-70,A143,A152,1,A174,1,A192,A201,2
214,A14,30-40,A34,A43,2500-5000,A65,A75,4,A93,A101,2,A123,50-60,A143,A152,1,A173,1,A192,A201,1
215,A12,0-10,A34,A48,0-2500,A65,A74,1,A92,A101,3,A122,30-40,A143,A152,2,A172,1,A191,A201,1
216,A11,10-20,A30,A49,2500-5000,A61,A74,3,A93,A101,1,A122,30-40,A141,A152,1,A173,1,A192,A201,1
217,A13,30-40,A32,A43,2500-5000,A61,A73,2,A93,A101,2,A121,20-30,A143,A152,1,A173,1,A192,A201,1
218,A11,20-30,A32,A42,2500-5000,A61,A73,2,A91,A101,2,A121,20-30,A143,A151,1,A172,1,A191,A201,1
219,A14,0-10,A32,A40,0-2500,A61,A73,2,A92,A101,4,A123,60-70,A143,A152,1,A173,1,A192,A201,1
220,A12,10-20,A32,A43,0-2500,A61,A72,4,A94,A103,1,A121,20-30,A141,A152,1,A172,1,A191,A201,1
221,A11,10-20,A32,A46,0-2500,A65,A73,4,A92,A101,4,A122,20-30,A141,A151,1,A173,1,A192,A201,1
222,A14,10-20,A32,A43,0-2500,A61,A73,4,A93,A101,2,A121,20-30,A141,A152,2,A173,1,A191,A201,1
223,A14,20-30,A33,A49,2500-5000,A65,A73,4,A93,A101,4,A121,30-40,A143,A152,2,A173,2,A192,A201,1
224,A14,10-20,A32,A41,2500-5000,A61,A73,3,A93,A101,2,A123,20-30,A143,A152,1,A173,1,A192,A201,1
225,A14,30-40,A30,A45,2500-5000,A61,A73,4,A93,A101,2,A123,20-30,A143,A152,2,A173,1,A191,A201,1
226,A12,40-50,A32,A43,10000-12500,A64,A74,1,A93,A102,2,A124,20-30,A141,A152,2,A173,1,A192,A201,2
227,A11,10-20,A32,A42,7500-10000,A61,A75,4,A93,A101,4,A124,50-60,A143,A153,1,A174,1,A192,A201,2
228,A14,0-10,A32,A43,0-2500,A61,A74,4,A93,A101,2,A123,20-30,A143,A152,1,A173,1,A191,A201,2
229,A11,20-30,A32,A42,2500-5000,A61,A72,4,A93,A101,1,A124,20-30,A141,A153,1,A173,1,A191,A201,1
230,A13,30-40,A32,A43,2500-5000,A61,A73,4,A93,A101,2,A123,20-30,A143,A152,1,A173,1,A191,A201,2
231,A14,0-10,A32,A40,2500-5000,A63,A75,2,A93,A101,4,A124,50-60,A143,A153,1,A172,1,A191,A201,1
232,A14,10-20,A32,A43,0-2500,A62,A74,3,A93,A101,1,A124,30-40,A143,A152,1,A173,1,A191,A201,1
233,A12,10-20,A32,A43,0-2500,A61,A73,4,A94,A103,2,A121,20-30,A143,A152,1,A172,1,A191,A201,1
234,A14,0-10,A34,A43,0-2500,A61,A74,2,A93,A101,1,A121,40-50,A143,A152,3,A172,2,A191,A201,1
235,A11,20-30,A32,A43,0-2500,A61,A71,4,A93,A101,2,A123,20-30,A142,A152,1,A174,2,A191,A201,2
236,A12,0-10,A32,A40,12500-15000,A65,A71,1,A93,A101,2,A122,20-30,A143,A152,1,A171,1,A192,A201,2
237,A12,20-30,A32,A49,2500-5000,A62,A75,4,A91,A101,2,A123,60-70,A141,A151,2,A172,1,A191,A201,2
238,A14,10-20,A34,A43,0-2500,A61,A73,4,A92,A101,2,A122,30-40,A143,A152,2,A173,1,A191,A201,1
239,A11,20-30,A32,A43,2500-5000,A61,A75,1,A93,A103,3,A122,30-40,A143,A152,1,A173,2,A191,A201,1
240,A11,20-30,A32,A40,0-2500,A65,A75,4,A92,A101,2,A123,20-30,A141,A152,1,A173,1,A191,A201,2
241,A14,0-10,A32,A43,0-2500,A61,A74,3,A93,A101,2,A122,50-60,A143,A152,1,A173,2,A191,A201,1
242,A11,40-50,A30,A41,2500-5000,A61,A75,3,A93,A101,4,A124,20-30,A143,A153,2,A173,2,A191,A201,2
243,A14,10-20,A34,A49,0-2500,A61,A73,3,A92,A101,2,A121,20-30,A143,A152,2,A173,1,A191,A201,1
244,A14,10-20,A31,A48,2500-5000,A63,A73,4,A92,A101,3,A121,30-40,A143,A152,1,A172,2,A191,A201,1
245,A14,20-30,A32,A49,0-2500,A61,A74,4,A93,A101,1,A121,20-30,A143,A152,1,A173,1,A192,A201,1
246,A14,10-20,A34,A43,0-2500,A61,A75,4,A93,A101,4,A121,50-60,A143,A152,3,A173,1,A191,A201,1
247,A14,0-10,A30,A40,0-2500,A62,A73,4,A93,A101,1,A124,30-40,A141,A151,1,A173,1,A191,A202,1
248,A13,20-30,A32,A42,0-2500,A61,A73,2,A93,A101,2,A121,20-30,A143,A152,1,A173,1,A191,A201,1
249,A14,10-20,A32,A43,0-2500,A61,A71,3,A92,A102,4,A121,20-30,A143,A151,1,A173,1,A191,A201,2
250,A11,0-10,A34,A40,0-2500,A64,A74,3,A92,A101,4,A121,30-40,A143,A152,2,A172,1,A192,A201,1
251,A13,10-20,A32,A42,0-2500,A61,A73,1,A92,A101,2,A123,40-50,A143,A152,1,A172,1,A191,A201,1
252,A12,20-30,A32,A40,0-2500,A61,A73,4,A92,A103,2,A124,20-30,A141,A152,1,A173,1,A191,A201,2
253,A14,20-30,A33,A42,2500-5000,A62,A73,2,A93,A101,3,A122,30-40,A143,A152,2,A173,1,A191,A201,1
254,A12,0-10,A32,A42,0-2500,A65,A74,2,A93,A101,1,A123,20-30,A143,A152,1,A173,1,A192,A201,1
255,A12,50-60,A33,A43,5000-7500,A65,A73,1,A93,A101,1,A121,20-30,A143,A152,1,A172,1,A191,A201,1
256,A14,20-30,A34,A43,2500-5000,A61,A73,4,A93,A101,2,A121,30-40,A143,A152,2,A172,1,A191,A201,1
257,A11,10-20,A31,A43,0-2500,A61,A73,4,A91,A101,1,A124,20-30,A143,A153,1,A173,1,A191,A201,2
258,A14,10-20,A32,A41,2500-5000,A62,A72,1,A92,A101,4,A123,20-30,A143,A152,1,A173,1,A192,A201,1
259,A14,10-20,A34,A43,0-2500,A62,A71,4,A92,A101,4,A121,50-60,A143,A152,3,A172,1,A191,A201,1
260,A11,10-20,A32,A42,0-2500,A61,A73,2,A93,A101,2,A121,20-30,A143,A152,1,A173,1,A191,A201,1
261,A11,20-30,A32,A43,0-2500,A61,A75,4,A92,A101,4,A123,50-60,A143,A152,1,A173,1,A191,A201,1
262,A11,10-20,A34,A40,5000-7500,A61,A75,2,A93,A101,4,A124,30-40,A143,A153,3,A174,1,A192,A201,1
263,A14,10-20,A34,A46,2500-5000,A61,A75,2,A92,A101,4,A124,50-60,A141,A153,3,A172,1,A191,A201,1
264,A14,0-10,A34,A40,0-2500,A61,A75,3,A93,A101,4,A121,30-40,A143,A152,2,A172,2,A191,A202,1
265,A12,10-20,A32,A43,0-2500,A61,A75,4,A93,A101,3,A123,30-40,A143,A152,1,A173,2,A191,A201,2
266,A14,30-40,A34,A49,5000-7500,A65,A75,4,A93,A101,4,A121,30-40,A143,A152,2,A173,1,A191,A201,1
267,A14,20-30,A32,A43,0-2500,A61,A72,4,A92,A101,3,A123,30-40,A142,A152,1,A173,1,A192,A201,1
268,A11,10-20,A32,A40,7500-10000,A61,A75,1,A91,A101,4,A122,40-50,A143,A152,1,A174,1,A192,A202,2
269,A14,20-30,A32,A43,0-2500,A65,A75,4,A93,A101,2,A123,20-30,A143,A152,2,A173,1,A191,A201,1
270,A14,10-20,A32,A40,2500-5000,A65,A74,4,A93,A101,3,A122,30-40,A143,A152,1,A173,1,A191,A202,1
271,A14,10-20,A34,A42,0-2500,A63,A74,3,A92,A101,4,A123,30-40,A143,A151,1,A173,1,A192,A201,1
272,A12,40-50,A31,A40,10000-12500,A65,A71,4,A93,A102,4,A124,30-40,A143,A153,1,A174,1,A192,A201,1
273,A12,40-50,A32,A43,2500-5000,A61,A74,4,A93,A101,4,A121,20-30,A143,A152,2,A173,1,A191,A201,2
274,A11,20-30,A32,A45,10000-12500,A61,A72,1,A91,A101,1,A124,30-40,A143,A152,1,A172,1,A192,A201,2
275,A14,0-10,A32,A43,2500-5000,A61,A73,1,A93,A101,2,A121,30-40,A143,A152,1,A173,2,A191,A201,1
276,A14,10-20,A34,A43,0-2500,A61,A73,2,A92,A101,2,A123,20-30,A143,A152,2,A173,1,A191,A201,1
277,A11,10-20,A32,A42,0-2500,A65,A75,2,A91,A101,4,A122,40-50,A143,A152,1,A172,1,A192,A201,1
278,A14,0-10,A32,A42,2500-5000,A61,A72,1,A92,A101,4,A122,30-40,A143,A152,1,A173,1,A191,A201,2
279,A14,20-30,A32,A43,0-2500,A62,A73,4,A93,A101,4,A123,20-30,A143,A151,1,A174,1,A192,A201,1
280,A14,10-20,A34,A41,2500-5000,A64,A75,3,A93,A101,4,A124,20-30,A143,A151,2,A173,1,A192,A201,1
281,A14,10-20,A32,A42,0-2500,A61,A73,4,A93,A101,2,A121,40-50,A143,A152,1,A173,1,A191,A201,1
282,A13,10-20,A31,A43,0-2500,A65,A74,4,A93,A101,4,A123,40-50,A141,A152,1,A172,1,A191,A201,1
283,A14,10-20,A34,A42,0-2500,A65,A75,4,A93,A101,4,A122,60-70,A143,A152,1,A173,1,A191,A201,1
284,A12,20-30,A34,A40,2500-5000,A62,A72,4,A91,A101,2,A123,30-40,A143,A152,1,A173,1,A192,A201,1
285,A11,40-50,A32,A40,10000-12500,A61,A72,1,A92,A101,1,A121,30-40,A143,A152,1,A172,1,A192,A201,1
286,A11,40-50,A32,A41,2500-5000,A61,A74,4,A93,A101,3,A122,20-30,A143,A152,1,A173,2,A191,A201,1
287,A12,40-50,A33,A410,7500-10000,A62,A71,2,A93,A101,4,A124,30-40,A143,A153,1,A174,1,A192,A201,1
288,A12,10-20,A32,A43,0-2500,A61,A73,4,A92,A103,4,A121,40-50,A143,A152,2,A173,1,A192,A201,1
289,A11,20-30,A33,A43,0-2500,A61,A72,4,A94,A101,4,A121,40-50,A142,A152,1,A173,1,A191,A201,2
290,A14,10-20,A32,A49,0-2500,A61,A73,2,A94,A101,2,A121,20-30,A143,A152,1,A173,1,A192,A202,1
291,A12,30-40,A32,A41,7500-10000,A61,A72,1,A94,A101,4,A123,20-30,A143,A151,1,A174,1,A192,A201,2
292,A11,20-30,A34,A41,5000-7500,A61,A75,2,A92,A101,4,A124,40-50,A143,A153,2,A174,2,A192,A201,1
293,A13,40-50,A34,A41,2500-5000,A61,A75,4,A93,A101,4,A124,50-60,A143,A153,1,A173,1,A191,A201,1
294,A14,40-50,A34,A49,7500-10000,A65,A75,4,A91,A101,2,A123,40-50,A141,A152,2,A174,2,A191,A201,1
295,A12,40-50,A32,A42,7500-10000,A61,A72,1,A92,A101,2,A123,20-30,A143,A152,1,A173,1,A192,A201,2
296,A14,10-20,A32,A41,2500-5000,A65,A72,1,A92,A101,4,A123,10-20,A143,A151,1,A173,1,A191,A201,1
297,A14,0-10,A32,A40,0-2500,A65,A75,4,A93,A102,2,A122,40-50,A143,A152,1,A172,1,A191,A202,1
298,A14,10-20,A32,A42,2500-5000,A61,A73,3,A93,A101,4,A121,40-50,A143,A152,1,A173,1,A192,A201,1
299,A12,20-30,A34,A42,2500-5000,A64,A74,3,A93,A101,2,A123,30-40,A143,A152,2,A173,1,A192,A201,1
300,A14,0-10,A32,A40,0-2500,A61,A71,1,A92,A101,4,A121,50-60,A143,A152,1,A171,1,A192,A201,1
301,A12,30-40,A30,A43,2500-5000,A61,A73,4,A92,A101,1,A123,40-50,A143,A152,1,A173,1,A192,A201,2
302,A13,20-30,A34,A40,0-2500,A65,A74,4,A93,A101,2,A121,30-40,A141,A152,2,A172,2,A191,A201,2
303,A11,0-10,A34,A40,0-2500,A61,A74,4,A93,A102,3,A122,40-50,A143,A152,2,A173,1,A192,A201,1
304,A14,40-50,A34,A40,10000-12500,A63,A73,2,A93,A101,2,A124,40-50,A141,A153,1,A173,1,A191,A201,2
305,A14,0-10,A32,A42,0-2500,A64,A73,4,A91,A101,2,A121,30-40,A143,A152,1,A173,1,A191,A201,1
306,A14,20-30,A32,A41,2500-5000,A65,A74,2,A92,A101,4,A122,20-30,A142,A151,1,A172,1,A191,A201,1
307,A11,10-20,A32,A43,0-2500,A62,A72,4,A94,A101,3,A124,30-40,A143,A152,1,A172,1,A192,A201,2
308,A12,0-10,A32,A42,0-2500,A61,A73,3,A92,A101,4,A121,20-30,A143,A152,1,A173,1,A191,A201,2
309,A12,0-10,A32,A40,0-2500,A61,A73,4,A94,A101,4,A121,20-30,A143,A151,1,A172,1,A191,A201,1
310,A12,40-50,A32,A410,5000-7500,A65,A71,3,A93,A101,4,A124,30-40,A141,A153,1,A171,1,A192,A201,1
311,A14,20-30,A32,A42,5000-7500,A62,A73,4,A93,A101,1,A123,20-30,A142,A152,1,A173,1,A191,A201,1
312,A13,20-30,A32,A42,2500-5000,A61,A72,2,A92,A101,4,A123,20-30,A143,A152,1,A173,1,A191,A201,1
313,A12,10-20,A32,A40,0-2500,A61,A74,2,A94,A101,3,A123,20-30,A141,A152,1,A172,1,A191,A201,2
314,A13,0-10,A32,A40,0-2500,A65,A72,1,A93,A101,2,A121,20-30,A143,A152,1,A172,2,A191,A202,1
315,A11,30-40,A31,A42,2500-5000,A61,A75,4,A93,A101,4,A123,30-40,A141,A152,1,A173,1,A191,A201,2
316,A11,10-20,A32,A42,0-2500,A61,A73,2,A93,A103,3,A122,30-40,A143,A152,1,A172,2,A191,A201,1
317,A12,20-30,A32,A42,2500-5000,A65,A73,1,A92,A101,4,A122,40-50,A143,A152,1,A172,1,A192,A201,1
318,A14,10-20,A34,A46,0-2500,A61,A73,4,A93,A101,2,A123,30-40,A143,A152,2,A173,1,A191,A201,1
319,A11,10-20,A33,A42,2500-5000,A61,A75,1,A92,A101,4,A122,20-30,A143,A152,2,A172,1,A191,A201,1
320,A12,20-30,A34,A40,2500-5000,A61,A71,4,A94,A101,2,A123,20-30,A143,A152,2,A174,1,A191,A201,2
321,A11,20-30,A32,A43,0-2500,A61,A72,4,A91,A101,3,A122,30-40,A143,A152,1,A173,1,A191,A201,2
322,A11,20-30,A32,A41,2500-5000,A61,A74,2,A93,A101,1,A124,30-40,A143,A153,1,A174,1,A192,A201,1
323,A11,10-20,A32,A42,2500-5000,A64,A73,4,A93,A101,2,A123,20-30,A143,A152,1,A173,1,A191,A201,1
324,A14,10-20,A34,A40,0-2500,A61,A73,4,A92,A101,3,A121,30-40,A143,A152,2,A173,1,A191,A201,1
325,A11,0-10,A34,A40,2500-5000,A61,A74,1,A93,A101,4,A121,30-40,A143,A152,2,A172,1,A191,A202,1
326,A14,10-20,A34,A42,5000-7500,A65,A75,2,A93,A101,4,A122,40-50,A143,A151,1,A173,1,A192,A201,1
327,A14,20-30,A32,A40,0-2500,A64,A74,4,A92,A101,3,A123,30-40,A143,A152,1,A173,2,A192,A201,1
328,A13,30-40,A32,A43,2500-5000,A61,A75,4,A93,A101,2,A123,30-40,A143,A152,1,A173,1,A191,A201,1
329,A12,0-10,A32,A43,0-2500,A61,A75,4,A93,A101,4,A123,20-30,A143,A152,1,A173,2,A191,A201,1
330,A11,20-30,A34,A41,5000-7500,A61,A71,2,A93,A101,4,A124,70-80,A143,A153,2,A174,1,A192,A201,1
331,A14,10-20,A34,A46,0-2500,A62,A73,4,A92,A101,2,A121,20-30,A143,A152,2,A173,1,A191,A201,2
332,A12,50-60,A32,A40,5000-7500,A62,A72,4,A92,A101,2,A122,20-30,A143,A152,1,A174,1,A191,A201,2
333,A14,40-50,A34,A41,10000-12500,A62,A73,2,A92,A101,4,A123,20-30,A141,A151,2,A172,1,A191,A201,2
334,A11,20-30,A30,A42,2500-5000,A61,A75,3,A93,A101,4,A124,20-30,A141,A151,2,A173,2,A191,A201,2
335,A11,0-10,A34,A42,2500-5000,A61,A73,1,A91,A101,4,A121,40-50,A143,A151,1,A174,1,A192,A201,2
336,A12,10-20,A32,A43,0-2500,A61,A72,2,A92,A103,4,A122,20-30,A143,A152,1,A172,1,A191,A201,1
337,A11,10-20,A32,A44,0-2500,A65,A73,4,A92,A101,2,A123,20-30,A143,A151,1,A173,1,A191,A201,2
338,A11,20-30,A32,A42,2500-5000,A61,A73,4,A93,A101,4,A122,20-30,A143,A152,1,A173,1,A191,A201,1
339,A12,0-10,A32,A42,0-2500,A61,A73,4,A91,A101,2,A123,30-40,A143,A152,1,A172,1,A191,A201,1
340,A12,20-30,A34,A46,5000-7500,A61,A72,2,A92,A101,4,A124,20-30,A143,A153,2,A173,1,A192,A201,1
341,A11,20-30,A32,A42,2500-5000,A61,A74,1,A92,A101,4,A123,20-30,A143,A151,1,A172,1,A191,A201,1
342,A12,10-20,A32,A43,2500-5000,A63,A72,1,A94,A101,3,A121,20-30,A143,A151,1,A173,1,A191,A201,1
343,A12,10-20,A32,A49,2500-5000,A61,A75,1,A93,A102,1,A121,30-40,A141,A152,1,A174,1,A192,A201,1
344,A13,0-10,A32,A40,2500-5000,A61,A72,1,A93,A103,1,A122,30-40,A143,A152,1,A172,2,A191,A201,1
345,A14,10-20,A34,A43,0-2500,A61,A73,4,A92,A101,2,A123,40-50,A143,A152,1,A172,1,A191,A201,1
346,A12,10-20,A34,A43,0-2500,A61,A72,4,A93,A103,4,A121,20-30,A143,A152,2,A173,1,A191,A201,1
347,A12,20-30,A32,A43,2500-5000,A63,A71,1,A92,A101,4,A124,20-30,A143,A151,1,A171,1,A191,A201,1
348,A14,0-10,A33,A49,0-2500,A62,A73,1,A93,A101,2,A121,30-40,A143,A152,2,A172,1,A191,A201,1
349,A12,0-10,A34,A46,0-2500,A64,A75,4,A93,A101,3,A124,30-40,A143,A153,2,A173,2,A191,A201,2
350,A14,0-10,A32,A44,0-2500,A61,A72,1,A92,A101,4,A121,20-30,A143,A151,1,A173,1,A192,A201,1
351,A12,0-10,A32,A42,0-2500,A61,A73,1,A92,A101,2,A123,20-30,A143,A152,1,A173,1,A191,A202,2
352,A14,10-20,A34,A41,2500-5000,A65,A71,2,A93,A101,4,A124,30-40,A143,A152,1,A174,1,A192,A201,1
353,A11,10-20,A30,A43,5000-7500,A61,A73,4,A93,A101,2,A122,20-30,A143,A151,2,A173,1,A192,A201,2
354,A14,0-10,A32,A46,0-2500,A63,A75,4,A93,A101,4,A124,40-50,A143,A153,1,A173,1,A192,A201,1
355,A12,20-30,A32,A40,0-2500,A61,A72,4,A93,A101,2,A121,20-30,A142,A152,1,A172,1,A191,A201,2
356,A14,10-20,A34,A43,0-2500,A65,A75,1,A93,A102,4,A121,40-50,A143,A152,1,A173,1,A192,A201,1
357,A14,30-40,A33,A43,2500-5000,A61,A73,4,A93,A101,2,A123,20-30,A143,A152,2,A174,1,A192,A201,2
358,A14,10-20,A32,A43,0-2500,A61,A73,4,A94,A101,2,A121,20-30,A143,A152,1,A173,1,A191,A201,1
359,A11,20-30,A32,A42,0-2500,A61,A74,4,A92,A101,4,A121,20-30,A143,A151,1,A173,1,A191,A201,2
360,A12,10-20,A32,A46,0-2500,A65,A73,4,A93,A101,4,A124,60-70,A143,A153,1,A173,1,A191,A201,1
361,A13,10-20,A32,A43,2500-5000,A65,A75,2,A93,A101,3,A123,30-40,A143,A152,1,A174,1,A191,A201,1
362,A13,10-20,A33,A40,0-2500,A61,A73,2,A92,A101,2,A123,30-40,A142,A152,2,A173,1,A192,A201,1
363,A14,0-10,A32,A42,0-2500,A61,A73,1,A94,A101,2,A122,20-30,A143,A151,1,A173,1,A191,A201,1
364,A11,10-20,A32,A42,0-2500,A61,A71,4,A93,A101,1,A123,20-30,A143,A152,1,A171,1,A191,A201,2
365,A14,10-20,A32,A49,0-2500,A61,A74,2,A93,A101,4,A123,30-40,A143,A152,1,A173,1,A192,A201,1
366,A14,10-20,A34,A41,2500-5000,A61,A74,3,A93,A101,1,A123,20-30,A143,A152,2,A173,1,A191,A201,1
367,A11,10-20,A32,A42,2500-5000,A61,A72,1,A92,A101,4,A123,20-30,A143,A151,1,A173,1,A191,A201,1
368,A11,30-40,A32,A42,2500-5000,A61,A75,4,A93,A101,2,A123,40-50,A143,A152,1,A173,2,A191,A201,2
369,A12,10-20,A32,A42,2500-5000,A61,A74,2,A92,A101,4,A121,30-40,A143,A151,1,A173,1,A191,A201,1
370,A14,30-40,A32,A40,2500-5000,A65,A73,4,A93,A101,4,A121,30-40,A143,A152,1,A173,1,A191,A201,1
371,A14,10-20,A34,A43,5000-7500,A61,A75,3,A93,A101,4,A123,30-40,A143,A152,2,A173,1,A192,A201,1
372,A14,0-10,A34,A42,0-2500,A61,A72,1,A92,A101,3,A121,20-30,A143,A151,2,A173,1,A191,A201,1
373,A14,50-60,A34,A40,12500-15000,A65,A75,2,A93,A101,4,A124,60-70,A141,A153,1,A174,1,A192,A201,1
374,A12,50-60,A31,A410,12500-15000,A62,A75,3,A92,A101,4,A124,50-60,A141,A153,2,A174,1,A192,A201,2
375,A11,40-50,A31,A49,7500-10000,A61,A74,2,A92,A103,4,A123,30-40,A143,A151,1,A173,1,A191,A201,2
376,A14,10-20,A33,A43,0-2500,A61,A71,2,A94,A101,3,A121,30-40,A143,A152,2,A173,1,A191,A201,1
377,A14,0-10,A33,A43,0-2500,A65,A75,3,A93,A101,4,A124,30-40,A143,A153,1,A173,1,A191,A201,1
378,A12,30-40,A32,A40,12500-15000,A61,A75,4,A93,A101,2,A124,50-60,A143,A153,1,A174,1,A192,A201,2
379,A14,0-10,A34,A40,0-2500,A62,A73,4,A92,A101,4,A123,50-60,A143,A152,2,A172,1,A191,A201,1
380,A11,10-20,A32,A42,0-2500,A65,A74,4,A93,A101,4,A123,30-40,A143,A152,1,A173,1,A192,A201,1
381,A12,10-20,A32,A41,12500-15000,A61,A71,3,A92,A101,4,A124,30-40,A143,A153,1,A174,1,A192,A201,2
382,A14,20-30,A32,A40,0-2500,A65,A74,4,A92,A101,4,A122,20-30,A143,A151,1,A173,1,A191,A201,1
383,A13,10-20,A32,A40,0-2500,A61,A72,4,A93,A101,1,A121,20-30,A143,A152,1,A173,1,A191,A201,1
384,A14,20-30,A33,A49,2500-5000,A62,A73,2,A93,A101,2,A122,20-30,A143,A152,2,A172,1,A191,A201,1
385,A14,10-20,A34,A43,0-2500,A61,A73,2,A92,A101,1,A123,20-30,A143,A152,2,A173,1,A191,A201,1
386,A14,10-20,A32,A43,0-2500,A65,A72,4,A92,A101,2,A121,20-30,A143,A151,1,A173,1,A192,A201,1
387,A12,10-20,A34,A42,5000-7500,A61,A71,4,A93,A101,4,A122,30-40,A142,A152,2,A174,1,A192,A201,1
388,A12,10-20,A34,A49,0-2500,A63,A73,2,A93,A101,4,A123,20-30,A141,A152,1,A173,1,A191,A201,1
389,A14,0-10,A32,A49,0-2500,A61,A74,3,A92,A101,2,A123,20-30,A143,A152,2,A173,1,A191,A201,1
390,A14,10-20,A32,A40,0-2500,A61,A73,2,A94,A101,2,A122,20-30,A143,A152,1,A174,1,A192,A201,1
391,A12,10-20,A32,A42,0-2500,A64,A72,1,A92,A101,4,A121,10-20,A143,A151,1,A172,1,A191,A201,1
392,A11,30-40,A32,A40,2500-5000,A61,A74,2,A93,A101,4,A124,30-40,A141,A153,1,A174,2,A192,A201,1
393,A11,0-10,A34,A43,0-2500,A61,A74,1,A92,A101,4,A123,30-40,A143,A152,1,A173,1,A191,A201,1
394,A14,0-10,A34,A42,0-2500,A61,A71,2,A93,A101,3,A123,30-40,A143,A152,1,A174,1,A191,A201,1
395,A12,30-40,A33,A46,10000-12500,A62,A74,2,A93,A101,3,A124,30-40,A143,A151,1,A173,1,A192,A201,1
396,A11,10-20,A32,A42,2500-5000,A61,A71,3,A92,A101,4,A124,50-60,A143,A153,1,A174,1,A191,A201,1
397,A11,30-40,A34,A42,0-2500,A61,A73,3,A94,A101,2,A122,40-50,A143,A152,2,A173,1,A192,A201,1
398,A12,10-20,A32,A40,0-2500,A61,A75,1,A91,A101,1,A121,40-50,A143,A151,2,A173,1,A191,A201,2
399,A14,20-30,A34,A43,0-2500,A64,A73,4,A92,A101,1,A121,40-50,A143,A152,2,A172,1,A191,A201,1
400,A14,10-20,A32,A43,0-2500,A61,A72,3,A94,A101,4,A121,30-40,A143,A152,1,A173,1,A192,A201,1
401,A12,10-20,A34,A49,0-2500,A65,A73,4,A94,A101,4,A121,20-30,A141,A152,2,A173,1,A191,A201,1
402,A14,20-30,A33,A49,7500-10000,A61,A72,2,A93,A101,2,A123,20-30,A141,A152,2,A173,1,A192,A201,2
403,A14,10-20,A33,A40,0-2500,A61,A73,4,A93,A101,2,A123,20-30,A143,A152,2,A172,1,A191,A201,1
404,A12,10-20,A33,A40,2500-5000,A65,A75,4,A93,A101,4,A123,40-50,A143,A152,1,A173,2,A191,A201,1
405,A12,20-30,A32,A43,0-2500,A61,A72,1,A94,A101,1,A122,20-30,A143,A152,1,A173,1,A192,A201,2
406,A14,20-30,A34,A41,0-2500,A65,A74,4,A93,A101,4,A123,40-50,A143,A152,2,A173,2,A192,A201,1
407,A11,10-20,A32,A43,0-2500,A61,A72,4,A94,A101,2,A121,20-30,A143,A152,1,A173,1,A191,A202,1
408,A14,20-30,A32,A43,2500-5000,A63,A75,3,A91,A101,2,A123,20-30,A143,A152,1,A174,1,A192,A201,1
409,A13,10-20,A34,A40,0-2500,A63,A74,4,A94,A101,2,A121,20-30,A143,A152,3,A173,1,A192,A201,2
410,A12,20-30,A32,A43,0-2500,A61,A75,4,A92,A101,4,A123,10-20,A143,A152,1,A173,1,A192,A201,1
411,A14,30-40,A34,A41,5000-7500,A61,A74,3,A93,A101,2,A123,30-40,A143,A152,2,A174,1,A192,A201,1
412,A14,10-20,A34,A49,0-2500,A61,A71,4,A93,A101,2,A123,40-50,A142,A152,2,A174,1,A192,A201,2
413,A14,0-10,A32,A40,0-2500,A63,A73,3,A93,A101,2,A124,30-40,A143,A151,1,A172,2,A191,A202,1
414,A11,20-30,A32,A40,0-2500,A65,A73,4,A92,A101,2,A122,30-40,A143,A152,1,A173,1,A191,A201,2
415,A14,30-40,A34,A41,5000-7500,A61,A75,2,A93,A101,2,A122,30-40,A143,A152,2,A173,2,A192,A201,1
416,A11,10-20,A32,A40,2500-5000,A61,A72,4,A93,A101,1,A121,30-40,A143,A152,1,A172,2,A191,A201,2
417,A11,10-20,A33,A46,7500-10000,A65,A73,1,A92,A101,2,A123,20-30,A143,A151,2,A173,1,A192,A201,1
418,A14,20-30,A32,A40,2500-5000,A63,A74,1,A92,A101,2,A123,30-40,A141,A152,1,A174,1,A191,A201,1
419,A12,10-20,A32,A40,0-2500,A65,A73,4,A92,A101,2,A122,30-40,A143,A152,1,A173,1,A191,A201,2
420,A14,10-20,A32,A40,2500-5000,A64,A74,2,A92,A101,3,A123,10-20,A143,A151,1,A173,1,A191,A201,1
421,A12,10-20,A32,A41,0-2500,A65,A73,4,A93,A101,2,A123,20-30,A143,A152,1,A173,1,A191,A201,1
422,A12,10-20,A34,A40,0-2500,A61,A74,2,A93,A101,3,A121,40-50,A143,A152,2,A172,2,A191,A201,1
423,A14,20-30,A33,A42,0-2500,A62,A74,4,A93,A101,3,A121,30-40,A143,A152,2,A174,1,A191,A201,1
424,A12,10-20,A32,A42,2500-5000,A65,A75,1,A92,A101,2,A122,20-30,A141,A152,1,A173,1,A192,A201,2
425,A12,10-20,A32,A41,2500-5000,A61,A73,1,A94,A101,3,A123,20-30,A143,A151,1,A173,1,A192,A201,1
426,A14,20-30,A34,A43,2500-5000,A61,A75,4,A93,A101,2,A123,20-30,A143,A152,2,A173,1,A191,A201,1
427,A14,10-20,A34,A43,0-2500,A64,A73,4,A93,A101,3,A121,40-50,A143,A152,2,A173,1,A191,A201,1
428,A14,0-10,A32,A42,0-2500,A61,A75,1,A93,A101,4,A123,10-20,A143,A152,1,A173,1,A191,A201,1
429,A11,10-20,A34,A45,0-2500,A61,A71,2,A92,A101,4,A124,50-60,A143,A153,3,A171,2,A191,A201,2
430,A14,0-10,A32,A49,2500-5000,A61,A74,1,A93,A101,4,A121,70-80,A143,A152,1,A172,1,A191,A201,1
431,A12,20-30,A32,A410,10000-12500,A61,A73,2,A93,A102,3,A123,20-30,A141,A152,2,A174,1,A192,A201,2
432,A11,0-10,A34,A42,0-2500,A61,A71,4,A93,A101,4,A124,30-40,A143,A153,3,A174,1,A192,A201,1
433,A14,20-30,A34,A45,0-2500,A61,A73,4,A91,A101,2,A121,30-40,A143,A152,2,A173,1,A192,A201,1
434,A11,0-10,A32,A42,0-2500,A61,A73,3,A93,A101,2,A121,20-30,A143,A152,1,A173,1,A191,A201,1
435,A12,10-20,A32,A43,0-2500,A65,A73,2,A94,A101,1,A121,20-30,A143,A152,1,A173,1,A192,A201,2
436,A14,0-10,A32,A45,0-2500,A63,A74,2,A94,A101,4,A121,20-30,A143,A151,1,A172,1,A191,A201,1
437,A14,20-30,A34,A40,0-2500,A64,A75,4,A92,A101,4,A121,30-40,A143,A152,2,A173,1,A192,A201,1
438,A11,40-50,A34,A45,2500-5000,A61,A71,4,A93,A102,4,A123,60-70,A143,A152,2,A171,1,A191,A201,1
439,A13,10-20,A31,A49,0-2500,A61,A72,4,A92,A101,1,A121,20-30,A143,A152,1,A171,1,A191,A201,2
440,A14,10-20,A32,A40,0-2500,A61,A75,4,A93,A101,4,A123,30-40,A143,A152,1,A174,1,A192,A201,1
441,A11,10-20,A32,A42,0-2500,A61,A73,2,A92,A102,3,A122,20-30,A143,A152,1,A173,1,A191,A201,1
442,A12,10-20,A33,A410,2500-5000,A61,A73,2,A93,A101,3,A123,20-30,A141,A152,2,A173,1,A192,A201,1
443,A14,10-20,A32,A46,0-2500,A61,A75,4,A93,A101,4,A123,40-50,A141,A152,1,A172,2,A191,A201,2
444,A12,40-50,A34,A42,5000-7500,A61,A73,2,A92,A101,3,A123,20-30,A143,A152,1,A174,1,A192,A201,2
445,A14,0-10,A34,A46,0-2500,A65,A75,4,A92,A101,4,A122,40-50,A143,A151,2,A172,1,A191,A201,1
446,A11,30-40,A32,A40,0-2500,A61,A72,4,A92,A101,4,A123,30-40,A143,A152,1,A173,1,A192,A201,2
447,A12,0-10,A32,A43,2500-5000,A61,A73,2,A93,A103,2,A121,30-40,A143,A152,1,A173,1,A191,A201,1
448,A13,10-20,A32,A42,0-2500,A65,A75,3,A92,A101,4,A121,50-60,A143,A152,1,A174,1,A192,A201,1
449,A12,10-20,A33,A45,0-2500,A64,A73,3,A94,A101,3,A122,60-70,A142,A152,2,A173,1,A191,A201,2
450,A14,30-40,A34,A41,10000-12500,A65,A73,4,A93,A101,2,A123,20-30,A143,A152,1,A174,1,A192,A201,1
451,A14,0-10,A32,A43,0-2500,A61,A73,3,A92,A101,1,A121,20-30,A143,A152,1,A173,1,A191,A201,1
452,A14,10-20,A30,A42,2500-5000,A61,A75,2,A93,A101,4,A122,30-40,A143,A152,2,A173,1,A191,A201,1
453,A14,20-30,A32,A41,2500-5000,A61,A75,4,A93,A101,4,A123,30-40,A143,A152,1,A174,1,A192,A201,1
454,A11,20-30,A32,A40,2500-5000,A61,A74,2,A93,A102,3,A122,30-40,A143,A152,1,A173,1,A192,A201,2
455,A14,20-30,A32,A41,2500-5000,A61,A72,4,A92,A101,1,A124,20-30,A143,A152,1,A174,1,A192,A201,1
456,A11,10-20,A34,A40,2500-5000,A61,A73,2,A93,A101,2,A121,30-40,A143,A151,2,A173,2,A191,A201,1
457,A11,10-20,A32,A41,2500-5000,A61,A75,3,A93,A101,4,A124,30-40,A143,A153,1,A173,1,A192,A201,2
458,A11,0-10,A32,A44,0-2500,A61,A72,4,A92,A101,1,A121,20-30,A143,A152,1,A173,1,A191,A201,1
459,A14,10-20,A32,A43,2500-5000,A61,A72,3,A93,A101,2,A123,30-40,A143,A152,1,A173,1,A192,A201,1
460,A11,30-40,A32,A42,2500-5000,A61,A73,1,A93,A103,2,A122,30-40,A143,A152,1,A173,2,A191,A201,1
461,A11,10-20,A32,A40,0-2500,A61,A72,2,A93,A101,3,A121,30-40,A143,A152,1,A173,1,A191,A201,1
462,A12,10-20,A32,A42,2500-5000,A61,A72,3,A92,A101,1,A121,30-40,A143,A151,1,A174,1,A191,A201,1
463,A12,10-20,A32,A48,0-2500,A65,A75,4,A93,A101,4,A122,30-40,A143,A152,2,A173,1,A191,A201,1
464,A14,10-20,A32,A49,0-2500,A61,A74,4,A93,A101,1,A123,30-40,A142,A152,2,A173,1,A192,A201,1
465,A11,20-30,A32,A41,2500-5000,A61,A73,3,A93,A103,4,A124,60-70,A141,A152,1,A173,2,A192,A201,1
466,A11,20-30,A33,A43,0-2500,A61,A72,4,A92,A101,2,A123,20-30,A143,A151,1,A172,1,A192,A201,2
467,A14,40-50,A33,A43,5000-7500,A65,A75,3,A93,A101,3,A123,30-40,A141,A152,2,A173,2,A191,A201,1
468,A14,30-40,A33,A49,2500-5000,A61,A73,2,A92,A101,2,A123,20-30,A143,A152,2,A173,1,A192,A201,1
469,A14,20-30,A33,A41,2500-5000,A61,A74,3,A93,A101,3,A123,30-40,A143,A152,2,A172,1,A192,A201,1
470,A12,20-30,A32,A43,2500-5000,A62,A72,3,A94,A101,2,A123,20-30,A143,A151,1,A173,1,A192,A201,2
471,A11,0-10,A32,A46,0-2500,A61,A72,4,A92,A101,4,A122,20-30,A143,A152,1,A173,1,A191,A201,2
472,A11,0-10,A32,A40,0-2500,A61,A73,4,A93,A101,3,A123,20-30,A143,A152,1,A172,1,A191,A201,2
473,A14,0-10,A32,A48,0-2500,A65,A71,4,A93,A101,4,A122,30-40,A143,A152,1,A174,2,A192,A201,1
474,A12,10-20,A34,A43,0-2500,A61,A73,4,A94,A101,2,A123,30-40,A143,A152,1,A173,1,A191,A201,2
475,A11,10-20,A30,A42,2500-5000,A61,A72,1,A92,A101,4,A122,20-30,A143,A151,1,A173,1,A191,A201,2
476,A14,30-40,A32,A41,2500-5000,A63,A73,4,A93,A101,4,A123,20-30,A143,A152,1,A173,1,A191,A201,1
477,A13,20-30,A32,A43,5000-7500,A61,A74,4,A93,A101,2,A123,20-30,A141,A152,1,A173,1,A191,A201,1
478,A12,10-20,A32,A49,0-2500,A62,A74,3,A93,A101,4,A121,30-40,A143,A152,1,A172,1,A191,A201,1
479,A11,10-20,A34,A42,0-2500,A61,A75,4,A93,A101,4,A123,40-50,A143,A152,2,A173,2,A192,A201,1
480,A12,10-20,A34,A43,2500-5000,A61,A73,1,A92,A101,1,A121,20-30,A143,A152,1,A172,1,A191,A201,1
481,A12,20-30,A32,A40,0-2500,A61,A72,4,A93,A101,1,A122,20-30,A143,A152,1,A173,1,A191,A201,1
482,A11,20-30,A32,A42,2500-5000,A64,A75,4,A92,A101,4,A122,50-60,A143,A151,2,A173,1,A192,A201,1
483,A14,10-20,A33,A42,0-2500,A64,A74,3,A92,A101,2,A122,20-30,A143,A152,2,A173,1,A191,A201,1
484,A14,10-20,A34,A40,0-2500,A63,A73,4,A93,A101,4,A121,40-50,A143,A152,1,A173,1,A192,A201,1
485,A12,0-10,A33,A40,0-2500,A61,A71,4,A93,A101,4,A122,40-50,A143,A152,1,A174,1,A192,A201,2
486,A14,10-20,A32,A43,2500-5000,A61,A73,2,A93,A101,4,A123,50-60,A143,A152,1,A173,1,A192,A201,1
487,A14,20-30,A32,A40,2500-5000,A61,A75,4,A92,A102,4,A124,60-70,A143,A153,1,A173,1,A192,A201,1
488,A14,0-10,A32,A40,0-2500,A62,A73,3,A93,A101,2,A121,30-40,A143,A151,1,A172,1,A191,A202,1
489,A14,0-10,A32,A40,2500-5000,A61,A73,2,A93,A103,3,A122,20-30,A143,A151,1,A173,1,A191,A201,1
490,A14,10-20,A34,A43,0-2500,A61,A75,2,A93,A101,2,A124,20-30,A143,A152,2,A173,1,A191,A201,1
491,A12,20-30,A30,A49,7500-10000,A61,A75,2,A92,A101,4,A124,40-50,A143,A153,2,A174,1,A192,A201,2
492,A14,0-10,A34,A43,0-2500,A62,A73,1,A92,A101,1,A122,20-30,A143,A152,2,A173,1,A191,A201,1
493,A12,0-10,A32,A43,0-2500,A65,A75,4,A93,A101,4,A122,30-40,A143,A152,1,A173,1,A191,A201,1
494,A11,10-20,A34,A40,0-2500,A61,A73,3,A93,A101,2,A121,30-40,A143,A151,2,A172,2,A191,A202,1
495,A11,20-30,A32,A42,2500-5000,A65,A73,2,A94,A101,4,A123,10-20,A143,A152,1,A173,1,A191,A201,2
496,A12,30-40,A32,A42,7500-10000,A62,A72,4,A93,A102,1,A124,20-30,A143,A151,1,A174,1,A192,A201,2
497,A14,20-30,A34,A42,0-2500,A61,A74,4,A93,A101,3,A122,30-40,A143,A152,2,A173,1,A191,A201,1
498,A12,10-20,A32,A43,0-2500,A61,A75,4,A94,A103,2,A121,30-40,A143,A152,1,A172,1,A191,A201,1
499,A13,0-10,A34,A40,0-2500,A62,A75,2,A91,A101,4,A123,20-30,A143,A152,2,A173,2,A192,A201,1
500,A11,20-30,A32,A40,2500-5000,A61,A72,4,A92,A101,1,A122,20-30,A143,A152,1,A173,1,A191,A201,2
501,A11,30-40,A32,A41,5000-7500,A61,A75,2,A93,A101,4,A124,40-50,A143,A153,1,A173,2,A191,A201,1
502,A13,0-10,A32,A43,0-2500,A62,A75,2,A91,A101,4,A121,40-50,A143,A152,1,A173,1,A191,A201,1
503,A12,20-30,A34,A43,0-2500,A62,A72,4,A93,A101,4,A124,30-40,A141,A152,2,A173,2,A191,A201,2
504,A11,20-30,A32,A40,0-2500,A61,A72,4,A92,A101,4,A122,20-30,A143,A151,1,A173,1,A191,A201,2
505,A14,0-10,A32,A40,0-2500,A65,A73,4,A93,A103,4,A122,20-30,A143,A152,1,A172,1,A191,A201,2
506,A13,10-20,A34,A41,0-2500,A63,A73,2,A93,A101,2,A123,30-40,A143,A152,1,A173,1,A192,A201,1
507,A12,10-20,A31,A40,5000-7500,A62,A71,1,A93,A101,2,A122,30-40,A143,A152,1,A174,2,A192,A201,2
508,A14,20-30,A32,A43,0-2500,A61,A73,4,A94,A101,2,A122,20-30,A143,A152,1,A173,1,A191,A201,1
509,A14,30-40,A32,A41,7500-10000,A62,A75,4,A93,A101,2,A123,40-50,A143,A152,1,A174,1,A192,A201,1
510,A11,10-20,A32,A40,0-2500,A61,A74,4,A93,A101,2,A121,20-30,A143,A152,1,A173,1,A191,A201,2
511,A14,30-40,A32,A41,2500-5000,A61,A73,2,A93,A101,2,A124,30-40,A143,A153,1,A174,1,A192,A201,1
512,A13,10-20,A32,A49,2500-5000,A61,A74,2,A93,A101,4,A122,20-30,A143,A151,1,A173,1,A192,A201,1
513,A12,10-20,A33,A43,0-2500,A61,A73,4,A94,A102,4,A121,10-20,A143,A151,2,A173,1,A191,A201,1
514,A14,20-30,A32,A40,0-2500,A65,A72,4,A93,A101,1,A122,50-60,A143,A152,1,A173,1,A191,A201,1
515,A11,0-10,A34,A40,0-2500,A61,A74,4,A92,A101,3,A122,30-40,A143,A152,2,A173,1,A191,A202,1
516,A11,0-10,A34,A40,0-2500,A61,A72,2,A93,A101,4,A121,30-40,A143,A152,1,A172,2,A191,A202,1
517,A14,30-40,A34,A42,5000-7500,A61,A72,2,A92,A101,4,A122,20-30,A143,A151,2,A173,1,A192,A201,2
518,A11,0-10,A32,A40,0-2500,A62,A75,3,A93,A101,2,A122,40-50,A143,A152,1,A173,1,A192,A201,1
519,A14,0-10,A34,A43,0-2500,A65,A75,4,A93,A101,4,A124,30-40,A143,A153,2,A173,1,A191,A201,1
520,A14,20-30,A34,A45,5000-7500,A61,A75,3,A93,A101,4,A124,40-50,A143,A153,2,A173,1,A191,A201,1
521,A11,10-20,A32,A43,2500-5000,A61,A73,2,A92,A101,2,A121,20-30,A143,A152,1,A173,1,A191,A201,2
522,A11,40-50,A30,A42,5000-7500,A61,A73,3,A93,A101,4,A124,50-60,A143,A153,2,A173,2,A191,A201,2
523,A14,20-30,A32,A41,2500-5000,A62,A74,3,A92,A101,4,A123,20-30,A143,A152,1,A173,1,A191,A201,1
524,A12,10-20,A32,A43,0-2500,A61,A73,4,A92,A103,4,A121,20-30,A143,A152,1,A172,2,A191,A201,1
525,A12,20-30,A32,A41,7500-10000,A61,A72,2,A93,A101,3,A123,20-30,A143,A152,2,A173,1,A191,A201,1
526,A14,10-20,A34,A46,0-2500,A62,A73,4,A92,A101,3,A123,30-40,A143,A152,1,A173,1,A191,A201,1
527,A14,0-10,A34,A43,0-2500,A61,A74,2,A93,A101,1,A121,40-50,A143,A152,2,A172,2,A191,A201,1
528,A11,30-40,A32,A43,0-2500,A61,A73,4,A91,A101,4,A123,30-40,A143,A151,1,A173,1,A191,A201,2
529,A11,0-10,A32,A40,0-2500,A61,A72,3,A93,A101,4,A121,40-50,A143,A152,1,A172,2,A192,A201,1
530,A12,30-40,A32,A46,0-2500,A61,A74,3,A93,A101,1,A123,30-40,A143,A152,2,A173,2,A191,A201,1
531,A12,10-20,A32,A40,2500-5000,A62,A73,2,A92,A101,4,A123,20-30,A143,A151,2,A173,1,A192,A201,2
532,A14,10-20,A33,A41,0-2500,A61,A73,4,A94,A101,4,A121,40-50,A143,A151,1,A173,1,A191,A201,1
533,A14,20-30,A32,A43,0-2500,A62,A74,4,A94,A101,3,A122,20-30,A143,A152,1,A173,1,A192,A201,1
534,A14,20-30,A32,A43,2500-5000,A65,A72,4,A93,A101,2,A123,20-30,A143,A152,2,A173,1,A191,A201,1
535,A13,20-30,A34,A46,0-2500,A61,A72,2,A91,A101,1,A123,30-40,A143,A151,1,A173,1,A191,A201,2
536,A11,0-10,A32,A40,0-2500,A65,A71,4,A92,A101,3,A122,70-80,A143,A152,1,A174,1,A192,A201,1
537,A12,10-20,A34,A42,2500-5000,A61,A75,3,A92,A101,4,A122,30-40,A143,A152,1,A173,1,A192,A201,1
538,A11,40-50,A32,A40,7500-10000,A61,A75,4,A93,A101,4,A124,40-50,A141,A153,1,A174,1,A191,A201,2
539,A13,10-20,A32,A42,2500-5000,A61,A72,1,A92,A101,1,A122,40-50,A142,A152,1,A172,1,A191,A201,1
540,A12,10-20,A32,A43,0-2500,A61,A72,1,A94,A101,1,A121,20-30,A143,A151,1,A173,1,A191,A201,2
541,A14,20-30,A33,A40,0-2500,A61,A75,4,A93,A101,4,A124,50-60,A143,A153,2,A173,1,A192,A201,1
542,A11,20-30,A32,A42,5000-7500,A65,A75,4,A93,A101,4,A122,30-40,A143,A152,1,A173,1,A191,A201,2
543,A13,10-20,A32,A42,2500-5000,A61,A73,2,A93,A101,1,A121,30-40,A143,A152,1,A172,2,A191,A201,2
544,A14,10-20,A34,A40,0-2500,A61,A75,4,A93,A101,4,A121,60-70,A143,A152,2,A172,1,A191,A201,1
545,A11,20-30,A33,A40,0-2500,A61,A71,4,A93,A101,2,A121,40-50,A143,A153,2,A173,2,A191,A201,2
546,A14,20-30,A34,A40,0-2500,A61,A73,4,A92,A101,4,A123,30-40,A143,A152,1,A173,1,A192,A201,1
547,A14,20-30,A32,A43,0-2500,A61,A74,3,A93,A101,1,A123,30-40,A141,A152,1,A173,2,A191,A201,1
548,A11,10-20,A31,A43,0-2500,A61,A73,4,A92,A101,4,A121,20-30,A141,A152,1,A172,1,A191,A201,2
549,A14,40-50,A34,A41,7500-10000,A65,A74,2,A93,A101,1,A124,30-40,A143,A153,2,A173,1,A192,A201,1
550,A14,10-20,A34,A45,0-2500,A65,A74,4,A92,A101,4,A121,20-30,A143,A152,2,A173,1,A191,A201,1
551,A14,0-10,A31,A43,0-2500,A63,A75,2,A93,A101,4,A122,40-50,A141,A152,1,A172,2,A191,A201,1
552,A11,40-50,A32,A43,5000-7500,A61,A74,1,A94,A103,1,A121,30-40,A143,A152,2,A173,1,A192,A201,2
553,A12,10-20,A34,A40,0-2500,A62,A72,4,A93,A101,1,A123,20-30,A143,A152,1,A173,1,A191,A201,1
554,A12,0-10,A32,A46,0-2500,A61,A74,4,A92,A101,4,A122,60-70,A143,A152,2,A174,1,A192,A201,1
555,A12,10-20,A32,A43,0-2500,A61,A72,2,A93,A101,1,A123,20-30,A142,A152,1,A173,1,A191,A201,2
556,A12,10-20,A30,A40,0-2500,A62,A72,3,A92,A101,3,A123,20-30,A143,A152,2,A173,1,A191,A201,2
557,A14,20-30,A30,A40,5000-7500,A65,A73,1,A92,A101,4,A122,20-30,A141,A152,2,A173,1,A192,A201,2
558,A11,20-30,A31,A42,2500-5000,A61,A74,3,A93,A101,4,A123,20-30,A141,A152,1,A173,1,A191,A201,2
559,A12,10-20,A34,A42,0-2500,A61,A72,2,A93,A101,2,A121,30-40,A143,A152,2,A172,1,A191,A201,2
560,A11,20-30,A32,A41,2500-5000,A65,A75,4,A93,A101,4,A124,40-50,A141,A153,1,A173,2,A192,A201,1
561,A11,20-30,A31,A43,0-2500,A61,A74,4,A93,A103,4,A123,20-30,A141,A151,1,A172,1,A191,A201,2
562,A13,0-10,A33,A43,0-2500,A61,A72,2,A92,A101,1,A122,20-30,A141,A152,1,A173,1,A191,A201,1
563,A12,30-40,A32,A40,10000-12500,A65,A73,1,A93,A101,4,A124,30-40,A143,A153,1,A173,1,A192,A201,2
564,A12,20-30,A33,A49,2500-5000,A65,A73,4,A93,A101,2,A122,30-40,A141,A152,2,A174,1,A192,A201,1
565,A12,20-30,A33,A43,0-2500,A62,A74,3,A92,A101,2,A122,20-30,A143,A151,2,A173,1,A192,A201,1
566,A11,10-20,A32,A40,0-2500,A61,A74,2,A91,A101,3,A123,30-40,A143,A152,1,A173,1,A191,A201,2
567,A14,20-30,A34,A43,2500-5000,A64,A75,2,A93,A101,2,A123,30-40,A143,A152,1,A173,1,A191,A201,1
568,A12,40-50,A32,A43,2500-5000,A65,A74,4,A93,A101,1,A123,40-50,A143,A152,2,A173,2,A192,A201,1
569,A11,40-50,A32,A43,5000-7500,A61,A73,3,A92,A101,2,A123,30-40,A143,A152,1,A173,1,A192,A201,2
570,A11,20-30,A32,A42,2500-5000,A61,A72,4,A92,A101,4,A121,20-30,A143,A151,1,A172,1,A192,A201,2
571,A14,20-30,A34,A43,5000-7500,A61,A74,3,A93,A102,2,A123,30-40,A143,A152,1,A173,1,A191,A201,1
572,A14,20-30,A32,A41,5000-7500,A65,A71,2,A92,A101,4,A122,20-30,A143,A151,1,A174,1,A192,A201,1
573,A11,10-20,A32,A49,0-2500,A61,A73,4,A92,A101,4,A122,20-30,A143,A152,1,A172,1,A191,A201,1
574,A12,0-10,A32,A43,0-2500,A61,A75,4,A93,A101,4,A123,20-30,A143,A152,2,A172,1,A191,A201,1
575,A14,10-20,A34,A42,2500-5000,A61,A74,2,A92,A102,3,A123,20-30,A141,A152,2,A173,1,A191,A201,1
576,A12,10-20,A32,A43,2500-5000,A61,A74,2,A92,A101,1,A121,20-30,A143,A152,1,A173,1,A191,A201,1
577,A14,20-30,A34,A46,0-2500,A65,A73,3,A92,A101,2,A123,30-40,A143,A152,2,A173,1,A192,A201,1
578,A12,30-40,A34,A40,2500-5000,A61,A72,4,A91,A101,4,A123,20-30,A143,A152,2,A173,1,A191,A201,2
579,A14,20-30,A32,A48,0-2500,A61,A72,4,A94,A101,3,A123,20-30,A143,A152,2,A172,1,A191,A201,1
580,A12,10-20,A34,A40,0-2500,A61,A75,3,A93,A103,3,A121,20-30,A141,A152,2,A173,1,A191,A201,2
581,A12,10-20,A34,A40,2500-5000,A61,A72,1,A93,A101,3,A121,40-50,A141,A152,2,A172,2,A191,A201,1
582,A14,0-10,A32,A42,0-2500,A61,A73,4,A92,A101,2,A121,20-30,A143,A151,1,A173,1,A191,A201,1
583,A12,30-40,A32,A45,0-2500,A61,A72,4,A93,A101,1,A124,30-40,A143,A151,1,A172,1,A191,A201,2
584,A14,10-20,A32,A40,0-2500,A65,A75,4,A92,A101,4,A124,50-60,A143,A153,1,A174,1,A192,A201,1
585,A11,10-20,A32,A42,0-2500,A61,A73,1,A92,A101,4,A121,10-20,A141,A151,1,A173,1,A191,A201,2
586,A11,0-10,A34,A40,2500-5000,A61,A73,2,A93,A101,2,A121,30-40,A143,A151,2,A173,2,A191,A201,1
587,A11,10-20,A32,A42,0-2500,A61,A73,4,A93,A103,1,A122,20-30,A143,A152,1,A172,1,A191,A201,1
588,A11,10-20,A32,A44,0-2500,A61,A73,4,A94,A101,3,A121,40-50,A143,A152,1,A172,1,A192,A201,2
589,A11,10-20,A34,A42,0-2500,A61,A75,3,A93,A101,3,A122,50-60,A143,A152,2,A173,1,A191,A201,2
590,A11,10-20,A34,A43,0-2500,A61,A74,4,A92,A101,3,A121,50-60,A143,A152,4,A172,1,A192,A201,1
591,A12,20-30,A33,A40,0-2500,A65,A73,4,A92,A101,4,A123,40-50,A143,A151,2,A173,1,A192,A201,1
592,A14,20-30,A32,A49,0-2500,A64,A75,4,A92,A101,4,A121,30-40,A141,A152,1,A172,1,A191,A201,1
593,A12,20-30,A32,A40,2500-5000,A61,A73,3,A92,A101,4,A122,10-20,A143,A151,1,A172,1,A192,A201,2
594,A11,20-30,A31,A410,0-2500,A65,A75,4,A93,A101,3,A123,30-40,A142,A152,1,A174,1,A192,A201,2
595,A12,0-10,A31,A40,0-2500,A62,A72,1,A92,A101,1,A122,30-40,A142,A152,1,A172,1,A191,A201,2
596,A11,20-30,A32,A40,0-2500,A61,A74,4,A92,A101,4,A123,20-30,A143,A151,2,A173,1,A191,A201,2
597,A12,20-30,A30,A49,2500-5000,A61,A73,1,A93,A101,4,A121,30-40,A143,A152,3,A172,1,A192,A201,2
598,A14,10-20,A34,A40,2500-5000,A61,A74,2,A93,A101,2,A122,30-40,A141,A152,2,A173,1,A191,A201,2
599,A14,20-30,A33,A49,2500-5000,A61,A73,1,A93,A101,2,A124,30-40,A143,A153,1,A173,1,A191,A201,1
600,A12,0-10,A32,A43,0-2500,A61,A72,1,A92,A103,1,A121,40-50,A143,A152,1,A173,1,A191,A201,1
601,A12,0-10,A32,A42,0-2500,A61,A73,4,A92,A101,1,A122,20-30,A143,A152,1,A173,1,A191,A201,2
602,A12,20-30,A31,A46,0-2500,A61,A74,4,A92,A101,4,A124,30-40,A141,A153,1,A172,1,A191,A201,2
603,A14,30-40,A32,A42,2500-5000,A61,A73,4,A92,A101,2,A123,20-30,A143,A152,1,A174,1,A192,A201,2
604,A13,0-10,A32,A42,0-2500,A61,A72,4,A92,A101,2,A122,20-30,A143,A152,1,A173,1,A191,A201,1
605,A11,20-30,A31,A42,2500-5000,A63,A73,4,A93,A101,4,A121,20-30,A142,A152,1,A173,1,A192,A201,1
606,A14,20-30,A34,A49,2500-5000,A61,A73,3,A93,A101,2,A121,70-80,A143,A152,1,A174,1,A192,A201,1
607,A12,30-40,A32,A43,2500-5000,A62,A73,4,A92,A102,4,A124,40-50,A143,A153,1,A173,1,A191,A201,2
608,A14,10-20,A32,A43,0-2500,A61,A72,4,A93,A101,1,A121,30-40,A143,A152,1,A173,1,A191,A201,1
609,A14,10-20,A32,A41,0-2500,A65,A75,4,A93,A101,4,A124,40-50,A141,A153,1,A173,2,A191,A201,1
610,A11,10-20,A32,A44,0-2500,A62,A71,4,A92,A101,3,A122,20-30,A143,A152,1,A173,1,A191,A201,2
611,A13,0-10,A32,A40,0-2500,A62,A75,1,A92,A101,4,A124,40-50,A143,A153,1,A172,2,A191,A201,2
612,A11,20-30,A32,A43,2500-5000,A64,A72,4,A92,A101,2,A123,20-30,A141,A152,1,A173,1,A191,A201,1
613,A11,20-30,A31,A41,2500-5000,A61,A73,1,A92,A103,4,A123,20-30,A141,A151,1,A173,1,A191,A202,1
614,A14,10-20,A33,A42,0-2500,A61,A74,4,A92,A101,1,A121,20-30,A143,A152,1,A173,1,A191,A201,2
615,A12,40-50,A30,A49,10000-12500,A65,A73,2,A93,A101,2,A123,40-50,A141,A152,1,A174,1,A192,A201,1
616,A12,50-60,A33,A43,7500-10000,A65,A73,2,A93,A101,2,A124,20-30,A143,A153,1,A174,1,A191,A201,1
617,A11,0-10,A34,A40,2500-5000,A61,A73,1,A93,A101,3,A121,30-40,A143,A151,3,A173,2,A191,A201,1
618,A12,20-30,A32,A42,2500-5000,A62,A73,2,A92,A102,4,A123,20-30,A143,A151,1,A173,1,A191,A201,2
619,A14,10-20,A32,A40,0-2500,A61,A73,4,A91,A101,2,A121,40-50,A143,A152,1,A172,1,A191,A201,1
620,A12,20-30,A34,A49,2500-5000,A61,A74,2,A93,A101,3,A122,20-30,A143,A152,2,A173,1,A191,A201,1
621,A14,10-20,A34,A40,0-2500,A61,A73,3,A93,A101,2,A122,30-40,A141,A152,2,A173,1,A191,A201,2
622,A14,40-50,A32,A49,2500-5000,A65,A73,4,A91,A101,2,A121,30-40,A141,A152,1,A173,1,A191,A201,2
623,A11,10-20,A32,A42,0-2500,A61,A72,4,A92,A101,1,A123,20-30,A143,A151,1,A173,1,A191,A201,1
624,A11,10-20,A32,A43,2500-5000,A61,A73,4,A93,A101,4,A124,60-70,A143,A153,2,A173,1,A191,A201,2
625,A14,10-20,A32,A43,0-2500,A65,A75,4,A93,A101,2,A123,30-40,A143,A152,1,A173,1,A191,A201,1
626,A13,0-10,A32,A42,0-2500,A61,A73,2,A93,A101,2,A121,40-50,A143,A152,1,A173,1,A192,A201,1
627,A12,0-10,A31,A40,0-2500,A62,A74,2,A93,A101,3,A124,20-30,A143,A152,1,A173,1,A191,A201,2
628,A14,40-50,A34,A42,2500-5000,A63,A73,4,A93,A101,4,A121,30-40,A143,A152,2,A173,1,A192,A201,1
629,A14,0-10,A32,A46,2500-5000,A65,A75,1,A93,A101,4,A121,60-70,A143,A152,1,A172,1,A191,A201,1
630,A11,20-30,A32,A43,2500-5000,A61,A73,2,A92,A101,4,A123,20-30,A143,A152,1,A173,1,A191,A201,1
631,A11,10-20,A31,A42,0-2500,A61,A73,4,A93,A101,3,A123,40-50,A141,A152,1,A173,1,A191,A201,2
632,A12,10-20,A32,A43,0-2500,A65,A72,4,A93,A101,1,A122,20-30,A143,A152,1,A173,1,A191,A201,1
633,A14,0-10,A32,A42,0-2500,A61,A72,2,A92,A102,2,A123,10-20,A143,A151,2,A173,1,A191,A201,2
634,A12,20-30,A32,A40,0-2500,A61,A72,3,A92,A101,4,A123,20-30,A143,A152,1,A172,1,A192,A201,2
635,A14,10-20,A32,A46,0-2500,A61,A75,4,A93,A101,4,A122,40-50,A141,A152,3,A173,2,A192,A201,1
636,A14,20-30,A32,A43,0-2500,A63,A74,4,A92,A101,1,A123,20-30,A143,A152,1,A173,1,A191,A201,1
637,A14,50-60,A33,A43,15000-17500,A61,A74,2,A93,A101,4,A123,20-30,A143,A152,2,A173,1,A192,A201,1
638,A14,10-20,A32,A43,0-2500,A61,A72,4,A92,A101,3,A123,30-40,A143,A152,1,A173,2,A191,A201,1
639,A11,40-50,A33,A43,2500-5000,A61,A74,3,A93,A101,2,A122,20-30,A141,A152,2,A173,2,A192,A201,2
640,A11,10-20,A32,A46,0-2500,A61,A71,4,A92,A101,1,A121,20-30,A143,A152,1,A171,1,A191,A201,2
641,A12,10-20,A32,A45,0-2500,A61,A75,4,A93,A101,4,A123,30-40,A143,A152,2,A172,1,A191,A201,1
642,A14,10-20,A32,A46,2500-5000,A62,A73,3,A93,A101,2,A122,30-40,A143,A152,1,A174,1,A192,A201,2
643,A14,20-30,A34,A43,0-2500,A61,A74,4,A94,A103,2,A123,30-40,A143,A152,2,A173,1,A192,A201,1
644,A11,10-20,A34,A43,0-2500,A61,A74,4,A94,A101,1,A122,30-40,A143,A152,2,A174,1,A192,A201,1
645,A14,30-40,A33,A49,7500-10000,A65,A72,4,A93,A101,4,A123,20-30,A143,A151,2,A173,1,A192,A201,2
646,A11,20-30,A30,A42,2500-5000,A61,A73,2,A91,A103,2,A121,30-40,A143,A152,2,A173,1,A191,A201,1
647,A14,10-20,A32,A40,0-2500,A63,A73,2,A92,A101,2,A122,20-30,A143,A152,1,A173,1,A191,A201,2
648,A13,20-30,A32,A40,0-2500,A61,A74,4,A93,A101,3,A124,30-40,A141,A153,1,A173,2,A191,A201,2
649,A11,10-20,A32,A46,0-2500,A61,A73,4,A93,A101,4,A123,30-40,A143,A151,1,A172,2,A191,A201,2
650,A11,40-50,A32,A46,5000-7500,A61,A74,4,A93,A101,1,A124,40-50,A143,A153,1,A174,1,A192,A201,1
651,A12,10-20,A32,A42,0-2500,A61,A73,4,A93,A101,2,A122,30-40,A143,A152,1,A172,1,A191,A201,2
652,A11,20-30,A32,A40,0-2500,A61,A75,4,A93,A102,1,A121,40-50,A143,A152,1,A173,1,A191,A201,2
653,A12,30-40,A33,A40,7500-10000,A62,A75,2,A93,A101,4,A123,40-50,A143,A152,4,A174,1,A192,A201,2
654,A14,20-30,A34,A41,0-2500,A61,A74,4,A93,A101,3,A123,30-40,A143,A152,2,A173,1,A192,A201,1
655,A11,10-20,A32,A40,2500-5000,A61,A71,1,A93,A101,4,A124,20-30,A143,A153,1,A173,1,A191,A201,1
656,A12,10-20,A32,A40,0-2500,A61,A75,4,A93,A101,4,A123,40-50,A141,A152,1,A172,2,A191,A201,2
657,A14,40-50,A32,A43,10000-12500,A65,A74,4,A93,A101,3,A123,30-40,A142,A152,1,A173,1,A192,A201,1
658,A12,20-30,A30,A49,2500-5000,A61,A73,2,A92,A101,1,A123,20-30,A143,A152,2,A173,1,A191,A201,1
659,A12,10-20,A34,A42,5000-7500,A61,A75,2,A93,A101,1,A124,40-50,A143,A152,1,A173,1,A192,A201,1
660,A13,10-20,A32,A43,0-2500,A61,A73,3,A94,A101,4,A121,20-30,A143,A151,1,A173,1,A191,A201,1
661,A11,10-20,A32,A40,0-2500,A65,A73,4,A94,A101,2,A123,20-30,A143,A152,1,A173,1,A191,A201,2
662,A14,20-30,A32,A42,0-2500,A61,A75,4,A93,A101,2,A121,40-50,A143,A152,2,A173,1,A191,A201,1
663,A12,0-10,A33,A42,0-2500,A61,A71,4,A93,A101,1,A122,30-40,A142,A152,2,A174,1,A192,A201,1
664,A13,0-10,A34,A46,0-2500,A61,A73,2,A92,A101,4,A122,40-50,A143,A152,1,A172,1,A191,A201,1
665,A14,20-30,A34,A410,5000-7500,A61,A71,4,A93,A102,2,A124,20-30,A141,A152,2,A174,1,A192,A201,1
666,A12,20-30,A31,A42,2500-5000,A64,A73,4,A93,A101,2,A123,30-40,A142,A152,1,A173,2,A192,A201,1
667,A14,40-50,A31,A49,2500-5000,A61,A73,1,A92,A101,1,A121,20-30,A142,A152,1,A173,1,A191,A201,1
668,A11,10-20,A34,A40,2500-5000,A61,A75,3,A93,A102,4,A122,40-50,A143,A151,2,A173,1,A192,A201,2
669,A13,20-30,A34,A43,2500-5000,A61,A75,4,A93,A101,4,A122,40-50,A143,A152,1,A173,1,A191,A201,1
670,A14,20-30,A34,A49,2500-5000,A62,A73,3,A93,A101,3,A122,20-30,A143,A152,2,A172,1,A192,A201,1
671,A14,30-40,A32,A49,5000-7500,A62,A74,2,A93,A101,2,A123,30-40,A143,A152,2,A173,1,A192,A201,1
672,A14,50-60,A32,A40,10000-12500,A61,A75,2,A93,A101,4,A122,40-50,A143,A152,1,A174,1,A192,A201,1
673,A14,0-10,A34,A40,0-2500,A63,A73,1,A94,A101,2,A123,20-30,A143,A152,1,A173,1,A191,A201,1
674,A14,20-30,A33,A49,2500-5000,A63,A72,4,A93,A101,2,A121,40-50,A141,A152,1,A172,2,A191,A201,2
675,A14,20-30,A34,A43,2500-5000,A61,A74,4,A92,A101,4,A123,20-30,A143,A151,1,A174,1,A192,A201,1
676,A14,20-30,A34,A42,5000-7500,A61,A75,4,A93,A101,4,A123,30-40,A143,A152,1,A173,1,A192,A201,1
677,A12,70-80,A32,A43,5000-7500,A62,A73,2,A94,A101,2,A123,20-30,A143,A152,1,A173,1,A191,A201,2
678,A11,20-30,A32,A43,0-2500,A61,A75,4,A93,A101,4,A121,60-70,A141,A151,1,A172,1,A191,A201,1
679,A14,10-20,A32,A43,0-2500,A61,A72,3,A92,A101,1,A121,20-30,A143,A152,1,A173,1,A191,A201,1
680,A14,0-10,A32,A46,0-2500,A61,A72,1,A92,A101,2,A124,50-60,A143,A152,1,A173,1,A191,A201,1
681,A14,10-20,A32,A43,0-2500,A65,A73,4,A93,A101,4,A124,30-40,A143,A153,1,A173,1,A192,A201,1
682,A14,10-20,A33,A43,0-2500,A61,A73,4,A94,A101,3,A121,30-40,A141,A152,2,A173,1,A191,A201,1
683,A14,20-30,A34,A43,5000-7500,A61,A72,3,A94,A101,3,A124,40-50,A143,A153,3,A173,1,A192,A201,1
684,A12,30-40,A33,A49,7500-10000,A62,A74,1,A93,A101,3,A122,30-40,A143,A152,2,A172,2,A192,A201,1
685,A14,50-60,A32,A40,5000-7500,A65,A73,4,A93,A101,4,A124,30-40,A143,A153,1,A173,2,A192,A201,1
686,A13,0-10,A34,A43,0-2500,A65,A74,4,A93,A101,2,A122,20-30,A143,A152,2,A173,1,A192,A201,1
687,A12,30-40,A33,A40,2500-5000,A62,A75,4,A93,A101,3,A124,20-30,A143,A153,1,A173,1,A191,A201,1
688,A14,0-10,A32,A43,2500-5000,A62,A75,3,A93,A102,4,A123,30-40,A143,A152,1,A173,1,A192,A201,1
689,A11,10-20,A32,A40,2500-5000,A64,A73,1,A93,A101,3,A122,30-40,A143,A152,1,A173,2,A191,A201,1
690,A11,10-20,A34,A42,0-2500,A61,A73,2,A91,A101,3,A122,20-30,A143,A152,2,A173,1,A191,A201,1
691,A12,10-20,A32,A45,2500-5000,A62,A73,3,A92,A101,2,A121,20-30,A143,A152,1,A172,1,A191,A201,1
692,A12,20-30,A32,A43,2500-5000,A62,A72,2,A93,A101,1,A123,20-30,A143,A152,1,A173,1,A191,A201,1
693,A11,0-10,A34,A40,2500-5000,A65,A72,1,A93,A101,3,A121,40-50,A143,A152,2,A172,2,A191,A201,1
694,A14,20-30,A32,A43,0-2500,A61,A74,4,A93,A101,2,A123,20-30,A143,A152,1,A173,1,A192,A201,1
695,A14,0-10,A32,A41,0-2500,A63,A73,2,A93,A101,4,A122,40-50,A143,A151,1,A173,1,A191,A201,1
696,A12,10-20,A32,A43,0-2500,A61,A74,4,A93,A103,3,A121,20-30,A143,A152,2,A173,1,A191,A202,1
697,A14,10-20,A34,A40,0-2500,A61,A71,1,A92,A101,2,A122,30-40,A143,A152,1,A171,1,A191,A201,1
698,A14,10-20,A34,A43,0-2500,A61,A73,4,A93,A101,2,A123,20-30,A143,A152,2,A173,1,A191,A201,1
699,A13,10-20,A32,A46,0-2500,A61,A75,4,A93,A101,4,A123,30-40,A143,A151,1,A174,1,A192,A201,1
700,A14,10-20,A32,A42,0-2500,A63,A73,4,A92,A101,4,A123,20-30,A143,A151,1,A172,1,A191,A201,2
701,A11,40-50,A34,A41,5000-7500,A61,A75,4,A93,A101,4,A124,40-50,A143,A153,2,A173,1,A192,A201,2
702,A13,20-30,A32,A43,0-2500,A62,A75,4,A92,A101,2,A124,40-50,A143,A153,1,A173,1,A192,A201,1
703,A12,20-30,A33,A49,2500-5000,A62,A75,4,A93,A101,2,A122,40-50,A142,A152,2,A173,1,A191,A201,1
704,A12,20-30,A32,A49,2500-5000,A61,A72,4,A92,A101,1,A122,30-40,A143,A152,1,A173,2,A192,A201,1
705,A14,10-20,A32,A40,5000-7500,A63,A75,1,A92,A101,4,A124,30-40,A143,A153,1,A173,1,A191,A201,1
706,A12,40-50,A32,A40,5000-7500,A62,A74,3,A93,A101,2,A122,20-30,A143,A152,1,A173,1,A191,A201,2
707,A12,10-20,A30,A42,2500-5000,A61,A72,4,A92,A101,3,A122,20-30,A143,A151,2,A173,1,A191,A201,2
708,A12,0-10,A32,A43,0-2500,A61,A75,4,A92,A101,4,A121,20-30,A143,A152,1,A173,1,A191,A201,1
709,A12,0-10,A32,A43,0-2500,A61,A73,2,A93,A101,2,A121,30-40,A143,A152,1,A172,2,A191,A201,1
710,A14,10-20,A34,A43,0-2500,A63,A75,4,A93,A101,3,A122,30-40,A141,A152,2,A174,1,A192,A201,1
711,A11,0-10,A31,A46,0-2500,A61,A75,4,A92,A101,4,A124,30-40,A143,A153,1,A173,1,A191,A201,2
712,A14,20-30,A32,A41,0-2500,A65,A75,4,A93,A101,4,A121,40-50,A143,A152,1,A174,1,A192,A201,1
713,A11,0-10,A34,A43,0-2500,A61,A73,4,A93,A101,4,A121,20-30,A143,A152,2,A172,1,A191,A201,1
714,A12,50-60,A32,A40,12500-15000,A61,A74,4,A93,A101,2,A124,20-30,A143,A152,1,A174,1,A192,A201,2
715,A14,20-30,A34,A41,7500-10000,A65,A75,1,A93,A101,4,A123,60-70,A143,A152,2,A173,1,A191,A201,1
716,A14,20-30,A34,A43,2500-5000,A65,A75,3,A93,A101,2,A123,30-40,A143,A152,2,A173,2,A192,A201,1
717,A14,10-20,A32,A43,0-2500,A61,A73,4,A93,A101,2,A124,30-40,A143,A153,1,A174,1,A192,A201,1
718,A13,20-30,A34,A43,2500-5000,A65,A73,3,A93,A101,2,A123,30-40,A143,A152,2,A173,1,A192,A201,1
719,A12,10-20,A30,A41,5000-7500,A62,A75,3,A94,A101,4,A123,30-40,A141,A152,2,A173,1,A192,A201,1
720,A13,0-10,A30,A43,0-2500,A61,A72,4,A93,A101,2,A123,30-40,A143,A152,2,A174,1,A192,A201,2
721,A12,0-10,A31,A46,0-2500,A64,A72,4,A92,A101,2,A122,20-30,A141,A151,1,A173,2,A191,A201,2
722,A11,10-20,A32,A40,0-2500,A61,A73,4,A92,A101,2,A121,20-30,A143,A152,1,A172,1,A191,A201,2
723,A12,0-10,A32,A43,0-2500,A63,A73,4,A92,A101,3,A121,60-70,A143,A152,1,A172,1,A191,A201,1
724,A14,20-30,A32,A40,2500-5000,A61,A73,3,A92,A101,3,A121,20-30,A143,A151,1,A173,1,A191,A201,2
725,A14,0-10,A34,A40,0-2500,A64,A73,2,A92,A101,2,A121,40-50,A141,A152,2,A172,1,A191,A201,1
726,A14,10-20,A34,A43,0-2500,A63,A73,2,A94,A101,2,A122,40-50,A143,A152,2,A172,1,A191,A201,1
727,A11,10-20,A32,A43,0-2500,A61,A73,4,A92,A101,4,A123,20-30,A141,A151,2,A173,1,A191,A201,2
728,A12,40-50,A31,A49,5000-7500,A61,A75,4,A92,A101,3,A124,50-60,A143,A151,1,A173,1,A191,A201,2
729,A13,20-30,A34,A49,0-2500,A64,A73,2,A91,A101,4,A121,30-40,A143,A152,2,A173,1,A192,A201,1
730,A12,20-30,A33,A43,5000-7500,A61,A72,1,A93,A101,2,A123,30-40,A143,A152,1,A173,1,A191,A201,1
731,A11,20-30,A32,A43,0-2500,A61,A73,2,A93,A101,4,A121,20-30,A143,A151,1,A172,2,A191,A201,2
732,A12,0-10,A32,A43,0-2500,A61,A74,4,A92,A103,2,A121,40-50,A143,A152,1,A172,1,A191,A201,1
733,A14,20-30,A32,A41,2500-5000,A64,A73,2,A92,A101,4,A123,20-30,A143,A151,1,A173,1,A192,A201,1
734,A14,0-10,A34,A40,2500-5000,A61,A74,1,A92,A101,1,A121,30-40,A143,A152,1,A173,2,A191,A201,1
735,A12,30-40,A31,A44,2500-5000,A65,A72,3,A92,A101,2,A124,20-30,A141,A152,1,A171,1,A191,A201,1
736,A12,20-30,A32,A41,10000-12500,A61,A73,1,A92,A101,4,A123,20-30,A143,A151,2,A174,1,A191,A201,2
737,A11,10-20,A32,A40,2500-5000,A62,A73,3,A93,A101,4,A123,30-40,A143,A152,1,A172,2,A192,A201,1
738,A14,0-10,A34,A40,5000-7500,A61,A74,1,A93,A101,3,A124,40-50,A143,A152,2,A174,2,A192,A201,1
739,A12,20-30,A30,A49,2500-5000,A62,A73,4,A92,A101,4,A123,20-30,A143,A151,2,A172,1,A191,A201,2
740,A11,20-30,A31,A40,0-2500,A62,A74,2,A93,A101,3,A123,30-40,A141,A152,1,A173,1,A191,A201,1
741,A12,0-10,A31,A43,0-2500,A61,A73,4,A93,A101,4,A121,20-30,A142,A152,1,A172,1,A191,A201,1
742,A14,20-30,A32,A43,2500-5000,A65,A75,4,A93,A101,3,A122,40-50,A143,A152,1,A173,1,A192,A201,1
743,A11,20-30,A31,A42,0-2500,A63,A73,4,A93,A101,4,A121,20-30,A142,A152,1,A173,1,A192,A201,1
744,A11,30-40,A34,A42,12500-15000,A65,A74,4,A93,A101,4,A122,20-30,A143,A152,2,A174,1,A192,A201,1
745,A11,10-20,A34,A49,0-2500,A61,A72,3,A93,A101,1,A122,20-30,A141,A152,2,A172,1,A191,A201,1
746,A11,10-20,A32,A40,2500-5000,A61,A71,1,A92,A101,4,A123,20-30,A143,A151,1,A173,1,A191,A201,1
747,A11,10-20,A32,A40,0-2500,A61,A72,3,A92,A101,1,A121,30-40,A143,A152,1,A172,1,A191,A201,2
748,A14,20-30,A32,A41,5000-7500,A65,A73,1,A93,A101,3,A123,20-30,A143,A152,1,A173,1,A191,A201,1
749,A14,10-20,A32,A41,2500-5000,A61,A74,2,A93,A101,2,A123,30-40,A143,A152,1,A173,1,A191,A201,1
750,A11,0-10,A32,A42,0-2500,A61,A75,2,A92,A101,1,A122,40-50,A141,A152,1,A173,1,A192,A201,1
751,A11,10-20,A32,A40,0-2500,A61,A72,1,A92,A101,2,A123,20-30,A143,A152,1,A172,1,A191,A201,2
752,A12,10-20,A32,A49,0-2500,A62,A74,2,A92,A101,4,A121,20-30,A143,A151,1,A172,1,A191,A201,1
753,A14,20-30,A34,A43,5000-7500,A61,A74,4,A92,A101,2,A123,20-30,A143,A152,2,A173,1,A191,A201,1
754,A14,10-20,A33,A45,0-2500,A64,A75,4,A93,A101,4,A124,50-60,A143,A153,2,A173,2,A191,A201,2
755,A11,20-30,A32,A40,0-2500,A65,A74,4,A92,A101,4,A124,30-40,A143,A151,1,A173,1,A191,A201,2
756,A13,0-10,A34,A40,0-2500,A61,A73,1,A93,A101,1,A121,70-80,A143,A152,3,A171,2,A191,A202,1
757,A13,10-20,A34,A43,0-2500,A65,A73,3,A93,A101,4,A124,30-40,A143,A153,2,A173,1,A192,A201,2
758,A14,20-30,A32,A40,0-2500,A61,A73,2,A93,A103,2,A121,30-40,A143,A152,1,A173,1,A192,A201,1
759,A11,10-20,A34,A40,0-2500,A61,A75,4,A93,A101,3,A122,30-40,A143,A152,2,A173,1,A191,A201,2
760,A14,10-20,A34,A40,5000-7500,A65,A75,1,A92,A101,4,A123,50-60,A143,A152,1,A173,1,A192,A201,1
761,A11,10-20,A34,A42,0-2500,A61,A73,4,A92,A101,4,A121,20-30,A143,A151,2,A173,1,A191,A201,2
762,A11,10-20,A32,A43,0-2500,A61,A73,4,A93,A101,3,A122,20-30,A143,A152,1,A172,1,A191,A201,1
763,A14,20-30,A34,A40,12500-15000,A65,A75,4,A93,A101,4,A124,20-30,A143,A153,1,A174,1,A192,A201,2
764,A14,20-30,A34,A40,0-2500,A62,A74,4,A94,A101,3,A122,20-30,A143,A152,2,A173,1,A192,A201,1
765,A12,10-20,A32,A43,0-2500,A61,A75,3,A94,A103,3,A121,30-40,A141,A152,2,A172,1,A191,A201,1
766,A11,20-30,A32,A42,2500-5000,A61,A72,2,A91,A101,4,A122,30-40,A143,A152,1,A172,1,A191,A201,2
767,A14,0-10,A32,A41,2500-5000,A65,A72,1,A92,A101,4,A121,30-40,A143,A151,1,A173,1,A191,A201,1
768,A12,10-20,A34,A42,2500-5000,A61,A75,1,A93,A101,4,A123,20-30,A143,A151,3,A173,1,A192,A201,1
769,A14,10-20,A34,A43,0-2500,A61,A75,2,A93,A101,4,A121,60-70,A143,A152,2,A172,1,A192,A201,1
770,A11,20-30,A32,A41,2500-5000,A65,A75,2,A92,A101,4,A121,20-30,A143,A151,1,A173,1,A191,A201,1
771,A11,30-40,A34,A46,7500-10000,A61,A73,3,A92,A101,2,A124,20-30,A143,A152,2,A174,1,A192,A201,2
772,A14,20-30,A34,A41,2500-5000,A61,A75,1,A93,A101,4,A123,30-40,A143,A152,1,A174,1,A192,A201,1
773,A14,20-30,A34,A43,0-2500,A62,A75,4,A93,A101,4,A122,50-60,A141,A152,2,A173,1,A191,A201,1
774,A13,10-20,A34,A40,0-2500,A63,A71,2,A93,A101,4,A124,60-70,A141,A153,3,A171,1,A191,A201,1
775,A11,20-30,A32,A40,0-2500,A65,A73,4,A92,A101,4,A121,20-30,A143,A151,1,A173,1,A191,A201,2
776,A14,30-40,A34,A40,2500-5000,A61,A74,4,A93,A101,4,A123,30-40,A143,A152,2,A173,1,A192,A201,1
777,A11,10-20,A32,A43,2500-5000,A61,A74,4,A92,A103,1,A121,20-30,A143,A152,1,A173,1,A191,A201,1
778,A14,30-40,A34,A41,5000-7500,A64,A75,4,A93,A101,2,A123,30-40,A143,A152,2,A174,1,A192,A201,1
779,A12,10-20,A32,A45,2500-5000,A61,A71,2,A92,A101,4,A123,60-70,A143,A152,1,A173,1,A192,A201,1
780,A12,30-40,A34,A43,2500-5000,A61,A74,2,A93,A103,2,A121,20-30,A143,A152,2,A173,1,A191,A201,2
781,A14,20-30,A34,A40,0-2500,A64,A75,4,A93,A101,4,A121,50-60,A143,A152,1,A173,1,A192,A201,1
782,A12,10-20,A30,A48,0-2500,A61,A73,2,A93,A101,2,A121,30-40,A143,A152,1,A172,1,A192,A201,1
783,A12,10-20,A32,A40,0-2500,A62,A72,4,A92,A101,2,A122,20-30,A141,A152,1,A172,1,A191,A201,2
784,A12,10-20,A32,A41,5000-7500,A65,A71,1,A91,A101,4,A121,50-60,A143,A152,1,A174,1,A192,A201,1
785,A12,10-20,A32,A49,0-2500,A64,A73,4,A93,A101,2,A122,30-40,A143,A152,1,A172,1,A192,A201,1
786,A14,20-30,A32,A43,2500-5000,A63,A75,3,A93,A101,4,A123,30-40,A143,A152,1,A173,1,A191,A201,1
787,A14,40-50,A34,A41,2500-5000,A65,A75,4,A93,A101,3,A123,30-40,A143,A152,2,A173,2,A192,A201,1
788,A12,40-50,A33,A46,5000-7500,A61,A75,4,A93,A101,4,A124,40-50,A143,A153,1,A173,1,A191,A201,2
789,A11,30-40,A34,A46,5000-7500,A61,A73,4,A93,A101,3,A124,20-30,A141,A152,1,A173,1,A192,A201,2
790,A12,20-30,A32,A49,0-2500,A61,A75,2,A92,A101,4,A122,30-40,A143,A152,1,A173,2,A191,A201,2
791,A14,20-30,A32,A41,5000-7500,A65,A75,3,A93,A101,4,A123,40-50,A143,A152,1,A174,2,A192,A201,1
792,A14,0-10,A34,A42,0-2500,A65,A73,1,A94,A101,2,A122,20-30,A143,A152,2,A173,1,A191,A201,1
793,A13,20-30,A32,A42,2500-5000,A61,A75,3,A91,A101,4,A124,50-60,A143,A153,1,A173,1,A191,A201,1
794,A14,20-30,A32,A42,2500-5000,A63,A75,4,A93,A101,3,A124,30-40,A143,A151,1,A173,1,A192,A201,1
795,A14,0-10,A32,A42,0-2500,A62,A72,2,A92,A101,4,A122,20-30,A143,A151,1,A173,1,A191,A201,1
796,A11,10-20,A32,A41,7500-10000,A65,A75,1,A93,A101,4,A122,50-60,A143,A153,1,A173,2,A192,A201,2
797,A14,10-20,A34,A42,0-2500,A61,A72,2,A92,A101,4,A122,20-30,A143,A151,2,A172,1,A191,A201,1
798,A14,20-30,A33,A40,0-2500,A65,A75,4,A94,A101,4,A123,50-60,A143,A152,2,A173,1,A192,A201,1
799,A12,0-10,A32,A40,0-2500,A65,A72,4,A93,A101,2,A121,30-40,A143,A152,1,A171,1,A191,A201,1
800,A14,20-30,A34,A46,0-2500,A61,A75,4,A93,A101,4,A124,50-60,A143,A153,2,A173,2,A191,A201,1
801,A12,10-20,A34,A43,0-2500,A61,A75,3,A92,A103,4,A121,40-50,A141,A151,2,A172,1,A192,A201,1
802,A11,10-20,A34,A42,2500-5000,A61,A75,1,A92,A101,4,A122,20-30,A143,A152,2,A173,1,A191,A201,1
803,A14,10-20,A34,A43,0-2500,A65,A75,4,A93,A101,4,A123,30-40,A143,A152,2,A173,1,A191,A201,1
804,A12,10-20,A32,A40,5000-7500,A65,A71,1,A92,A101,2,A121,20-30,A143,A151,1,A171,1,A191,A201,1
805,A11,30-40,A32,A40,7500-10000,A61,A74,2,A93,A101,1,A123,20-30,A143,A152,1,A173,1,A192,A201,2
806,A12,0-10,A32,A43,0-2500,A61,A72,3,A94,A101,3,A121,20-30,A143,A152,1,A172,1,A191,A202,1
807,A14,10-20,A34,A43,0-2500,A65,A75,4,A93,A101,4,A121,60-70,A143,A152,4,A173,1,A191,A201,1
808,A12,40-50,A31,A41,7500-10000,A61,A71,1,A93,A101,2,A124,50-60,A141,A153,1,A174,1,A192,A201,1
809,A12,10-20,A30,A40,0-2500,A61,A72,2,A92,A101,1,A121,20-30,A143,A151,2,A171,1,A191,A201,2
810,A12,0-10,A32,A49,0-2500,A61,A72,3,A94,A101,2,A121,20-30,A143,A152,1,A173,1,A192,A201,1
811,A12,0-10,A32,A43,0-2500,A61,A74,3,A94,A103,3,A121,20-30,A141,A152,1,A172,1,A191,A201,1
812,A11,30-40,A34,A41,7500-10000,A61,A74,4,A93,A101,4,A123,20-30,A143,A152,2,A173,1,A192,A201,2
813,A11,40-50,A32,A44,2500-5000,A61,A73,3,A93,A101,4,A123,50-60,A143,A152,1,A173,1,A191,A201,2
814,A11,40-50,A32,A40,2500-5000,A61,A74,4,A93,A101,4,A124,40-50,A143,A153,1,A173,2,A191,A201,2
815,A12,30-40,A33,A40,5000-7500,A61,A73,2,A92,A101,2,A122,50-60,A143,A151,1,A173,1,A191,A201,1
816,A14,0-10,A32,A44,0-2500,A63,A73,1,A91,A101,4,A121,60-70,A143,A152,1,A173,1,A191,A201,1
817,A14,0-10,A34,A43,0-2500,A61,A74,1,A92,A101,2,A123,20-30,A143,A151,2,A173,1,A192,A201,1
818,A11,30-40,A32,A410,15000-17500,A61,A71,2,A91,A102,3,A123,40-50,A143,A152,1,A174,1,A191,A201,1
819,A11,10-20,A32,A43,0-2500,A61,A73,4,A94,A101,3,A121,20-30,A141,A152,1,A173,1,A191,A201,2
820,A14,10-20,A32,A40,0-2500,A61,A73,3,A94,A101,2,A121,20-30,A143,A152,2,A173,1,A192,A201,1
821,A13,10-20,A32,A43,2500-5000,A61,A73,3,A94,A101,1,A123,20-30,A143,A152,1,A173,1,A191,A201,1
822,A11,30-40,A32,A42,2500-5000,A61,A75,2,A93,A101,2,A122,40-50,A141,A152,1,A173,2,A191,A201,2
823,A11,0-10,A34,A40,0-2500,A61,A75,4,A93,A101,4,A121,40-50,A143,A152,2,A172,1,A191,A201,1
824,A14,10-20,A34,A42,2500-5000,A61,A72,3,A91,A101,2,A123,30-40,A143,A152,2,A174,1,A192,A201,1
825,A11,20-30,A34,A40,0-2500,A61,A75,4,A94,A101,3,A123,20-30,A143,A152,2,A173,1,A192,A201,1
826,A11,10-20,A34,A40,2500-5000,A61,A75,1,A92,A101,4,A121,30-40,A141,A151,3,A173,1,A192,A201,2
827,A14,10-20,A30,A49,2500-5000,A61,A73,2,A93,A101,2,A123,30-40,A142,A152,2,A173,2,A191,A201,2
828,A11,30-40,A32,A41,7500-10000,A65,A75,3,A93,A101,4,A124,40-50,A143,A153,1,A173,1,A191,A201,2
829,A12,40-50,A33,A49,5000-7500,A65,A73,4,A93,A101,4,A124,30-40,A143,A153,1,A173,2,A192,A201,1
830,A14,20-30,A33,A49,0-2500,A63,A73,4,A93,A101,2,A123,40-50,A143,A152,2,A173,2,A192,A201,1
831,A11,10-20,A32,A40,0-2500,A61,A72,4,A92,A101,3,A123,20-30,A143,A151,1,A173,1,A192,A201,2
832,A11,40-50,A30,A49,10000-12500,A61,A75,2,A93,A101,4,A123,20-30,A143,A151,2,A173,1,A191,A201,2
833,A12,20-30,A32,A43,5000-7500,A65,A75,2,A92,A101,4,A123,40-50,A143,A152,1,A173,1,A192,A201,1
834,A13,10-20,A32,A43,0-2500,A61,A72,2,A92,A101,3,A121,20-30,A143,A152,1,A172,1,A191,A201,2
835,A11,10-20,A30,A40,0-2500,A61,A73,4,A93,A101,4,A123,40-50,A141,A152,2,A173,1,A191,A201,2
836,A14,10-20,A32,A43,0-2500,A65,A73,4,A92,A101,2,A123,20-30,A143,A152,1,A173,1,A191,A201,1
837,A14,0-10,A32,A42,0-2500,A61,A72,1,A92,A101,3,A121,20-30,A143,A151,1,A172,2,A191,A201,1
838,A11,20-30,A34,A41,2500-5000,A61,A75,4,A93,A101,4,A122,60-70,A143,A152,2,A173,1,A192,A201,1
839,A14,20-30,A34,A43,2500-5000,A61,A75,4,A94,A102,3,A121,40-50,A143,A152,2,A173,1,A191,A201,1
840,A11,30-40,A32,A42,5000-7500,A61,A74,4,A93,A101,2,A122,20-30,A143,A152,1,A173,1,A191,A201,2
841,A14,20-30,A33,A41,2500-5000,A61,A73,3,A93,A101,2,A121,20-30,A142,A152,2,A172,1,A191,A201,1
842,A14,10-20,A32,A45,0-2500,A61,A72,4,A92,A101,4,A121,20-30,A143,A152,1,A173,1,A191,A201,2
843,A14,20-30,A31,A49,0-2500,A61,A74,4,A93,A101,4,A123,40-50,A141,A152,1,A173,1,A192,A201,1
844,A14,10-20,A32,A42,2500-5000,A61,A75,4,A93,A101,4,A122,40-50,A141,A152,3,A173,2,A192,A201,1
845,A12,20-30,A32,A42,2500-5000,A65,A74,2,A93,A101,3,A123,30-40,A143,A152,1,A173,1,A192,A201,1
846,A14,10-20,A32,A40,5000-7500,A65,A73,2,A93,A101,4,A123,60-70,A143,A151,2,A173,1,A191,A201,2
847,A14,20-30,A32,A40,0-2500,A61,A72,4,A94,A101,2,A121,20-30,A143,A152,1,A173,1,A191,A201,1
848,A11,0-10,A32,A43,0-2500,A61,A74,3,A93,A101,4,A121,50-60,A143,A152,1,A173,1,A191,A201,1
849,A11,10-20,A32,A43,0-2500,A61,A75,4,A93,A101,4,A121,50-60,A142,A152,1,A172,1,A191,A201,2
850,A11,10-20,A34,A40,0-2500,A61,A73,4,A94,A103,2,A122,30-40,A141,A151,2,A173,1,A191,A202,2
851,A14,20-30,A34,A41,2500-5000,A65,A74,3,A93,A101,4,A122,40-50,A143,A152,2,A173,1,A192,A201,1
852,A14,10-20,A34,A43,0-2500,A61,A73,4,A93,A101,4,A124,30-40,A143,A153,2,A173,1,A192,A201,1
853,A11,10-20,A31,A40,0-2500,A61,A74,4,A93,A101,4,A124,30-40,A143,A153,2,A172,2,A191,A201,2
854,A14,30-40,A33,A40,10000-12500,A61,A75,2,A93,A101,2,A123,40-50,A143,A152,2,A173,2,A192,A201,1
855,A14,20-30,A32,A40,0-2500,A62,A72,4,A94,A101,3,A121,30-40,A143,A152,1,A173,1,A192,A201,1
856,A14,0-10,A32,A48,0-2500,A65,A74,4,A92,A101,3,A122,30-40,A143,A152,1,A173,1,A192,A201,1
857,A14,10-20,A34,A42,2500-5000,A61,A73,4,A93,A101,2,A124,20-30,A143,A153,1,A173,1,A192,A201,1
858,A11,10-20,A32,A40,2500-5000,A61,A73,3,A92,A101,2,A122,20-30,A143,A152,1,A173,1,A192,A201,2
859,A14,0-10,A32,A40,2500-5000,A62,A73,1,A93,A103,2,A121,20-30,A143,A151,1,A173,2,A191,A202,1
860,A14,20-30,A34,A41,5000-7500,A64,A73,4,A93,A101,2,A121,20-30,A143,A152,2,A173,1,A191,A201,1
861,A14,10-20,A33,A49,0-2500,A61,A73,4,A94,A101,2,A123,20-30,A143,A152,1,A173,1,A192,A201,2
862,A11,20-30,A32,A43,0-2500,A61,A72,4,A92,A101,4,A121,30-40,A143,A152,1,A173,1,A192,A201,2
863,A14,20-30,A34,A42,2500-5000,A64,A72,4,A93,A101,2,A121,30-40,A142,A152,2,A172,2,A192,A201,1
864,A14,0-10,A32,A42,0-2500,A61,A73,2,A93,A101,2,A121,20-30,A141,A151,1,A172,1,A191,A201,2
865,A14,10-20,A32,A42,0-2500,A63,A73,2,A92,A101,4,A123,10-20,A143,A151,1,A173,1,A191,A201,1
866,A11,10-20,A32,A43,0-2500,A61,A72,4,A92,A101,1,A123,20-30,A142,A152,1,A173,1,A191,A201,1
867,A14,10-20,A34,A42,2500-5000,A61,A75,2,A93,A101,4,A122,40-50,A142,A152,1,A173,1,A191,A201,1
868,A14,30-40,A32,A49,5000-7500,A65,A75,3,A93,A101,2,A122,30-40,A143,A152,2,A173,1,A191,A201,1
869,A11,10-20,A32,A42,0-2500,A61,A75,4,A92,A101,4,A122,20-30,A143,A151,1,A173,1,A191,A201,1
870,A14,30-40,A33,A42,7500-10000,A63,A74,2,A92,A101,4,A123,30-40,A143,A152,2,A173,1,A192,A201,1
871,A13,0-10,A34,A40,0-2500,A61,A75,1,A93,A101,4,A121,40-50,A143,A152,2,A173,2,A191,A202,1
872,A11,20-30,A34,A49,0-2500,A62,A74,4,A93,A101,1,A121,20-30,A143,A152,2,A173,1,A192,A201,1
873,A14,10-20,A32,A44,0-2500,A65,A72,4,A92,A101,1,A121,20-30,A143,A152,1,A173,1,A191,A201,1
874,A11,10-20,A32,A42,2500-5000,A61,A73,2,A93,A102,2,A122,20-30,A143,A152,1,A172,2,A191,A201,1
875,A12,10-20,A34,A40,0-2500,A64,A73,4,A92,A101,4,A123,30-40,A143,A152,2,A173,1,A191,A201,1
876,A11,10-20,A31,A43,0-2500,A61,A72,3,A93,A102,4,A124,30-40,A141,A153,1,A174,1,A192,A201,1
877,A14,30-40,A32,A43,2500-5000,A61,A75,4,A93,A101,2,A123,20-30,A143,A152,1,A173,1,A191,A201,1
878,A11,0-10,A32,A40,0-2500,A61,A72,3,A93,A101,2,A124,20-30,A143,A153,1,A174,1,A192,A201,2
879,A14,20-30,A34,A43,5000-7500,A65,A74,2,A93,A101,3,A122,30-40,A143,A152,2,A173,1,A191,A201,1
880,A14,20-30,A32,A41,7500-10000,A61,A74,3,A93,A101,3,A123,30-40,A143,A152,1,A174,1,A192,A201,1
881,A14,20-30,A32,A41,7500-10000,A65,A73,2,A91,A101,4,A124,40-50,A143,A153,1,A173,1,A192,A201,1
882,A12,20-30,A34,A40,0-2500,A65,A75,4,A93,A101,4,A121,30-40,A143,A152,2,A173,1,A191,A201,1
883,A14,10-20,A34,A43,0-2500,A61,A71,4,A92,A101,4,A123,60-70,A143,A152,2,A171,1,A191,A201,1
884,A12,20-30,A32,A42,2500-5000,A61,A74,3,A91,A101,3,A123,40-50,A143,A152,1,A173,1,A192,A201,2
885,A11,10-20,A32,A46,0-2500,A61,A72,4,A92,A101,4,A122,50-60,A143,A152,1,A173,1,A191,A201,2
886,A12,20-30,A34,A49,2500-5000,A65,A74,4,A93,A101,3,A124,30-40,A143,A152,2,A173,2,A192,A201,1
887,A12,40-50,A32,A49,15000-17500,A61,A73,2,A93,A101,2,A123,20-30,A143,A152,1,A173,1,A192,A201,2
888,A14,30-40,A34,A40,5000-7500,A61,A75,4,A93,A101,4,A123,30-40,A143,A152,2,A174,1,A192,A201,1
889,A14,20-30,A31,A41,7500-10000,A65,A72,3,A93,A103,4,A121,30-40,A141,A151,2,A173,2,A192,A201,1
890,A11,20-30,A34,A49,0-2500,A61,A75,4,A93,A101,4,A123,40-50,A142,A152,4,A174,2,A192,A201,1
891,A14,10-20,A34,A43,0-2500,A61,A75,4,A93,A101,4,A123,40-50,A143,A152,2,A173,1,A192,A201,1
892,A11,10-20,A34,A40,0-2500,A61,A73,4,A93,A101,4,A122,30-40,A141,A152,2,A172,1,A191,A202,1
893,A12,30-40,A34,A41,5000-7500,A61,A73,3,A93,A101,4,A123,30-40,A143,A152,2,A173,1,A192,A201,1
894,A14,10-20,A34,A43,0-2500,A65,A73,4,A93,A101,3,A122,20-30,A143,A152,2,A173,1,A192,A201,1
895,A14,30-40,A33,A41,7500-10000,A65,A74,3,A93,A101,2,A123,30-40,A142,A152,1,A174,2,A192,A201,1
896,A11,20-30,A32,A43,2500-5000,A61,A72,4,A92,A101,4,A122,20-30,A143,A151,1,A174,1,A192,A201,1
897,A14,10-20,A34,A42,0-2500,A64,A74,3,A92,A101,2,A122,30-40,A143,A152,1,A173,1,A191,A202,1
898,A14,10-20,A32,A42,0-2500,A65,A74,1,A92,A101,4,A121,30-40,A141,A151,1,A172,1,A191,A201,1
899,A11,10-20,A32,A42,2500-5000,A61,A73,2,A93,A102,3,A123,40-50,A143,A152,1,A173,1,A191,A201,2
900,A11,10-20,A34,A40,2500-5000,A61,A75,2,A93,A103,4,A122,40-50,A141,A151,1,A173,1,A192,A201,2
901,A14,10-20,A34,A40,2500-5000,A65,A72,2,A91,A101,4,A121,40-50,A143,A152,2,A173,1,A192,A201,1
902,A14,30-40,A34,A41,10000-12500,A65,A75,2,A93,A101,4,A124,40-50,A143,A153,2,A173,1,A191,A201,1
903,A14,10-20,A32,A43,0-2500,A65,A73,4,A94,A101,2,A121,30-40,A143,A151,1,A173,1,A192,A201,1
904,A14,20-30,A32,A43,0-2500,A61,A75,4,A93,A101,1,A121,30-40,A143,A152,1,A174,1,A192,A201,1
905,A11,10-20,A32,A43,0-2500,A61,A73,2,A93,A101,2,A121,10-20,A143,A151,1,A174,2,A192,A201,1
906,A11,20-30,A32,A40,2500-5000,A65,A74,2,A93,A102,2,A121,20-30,A143,A152,1,A172,1,A191,A202,1
907,A12,30-40,A32,A46,2500-5000,A65,A73,2,A94,A101,2,A123,20-30,A143,A152,1,A173,1,A191,A201,1
908,A14,10-20,A33,A41,2500-5000,A61,A72,1,A92,A101,2,A122,40-50,A143,A152,2,A172,1,A191,A201,1
909,A12,0-10,A32,A40,2500-5000,A65,A73,1,A92,A101,2,A121,30-40,A143,A152,1,A172,1,A191,A201,1
910,A14,30-40,A33,A43,2500-5000,A61,A73,4,A92,A101,4,A121,30-40,A143,A152,2,A173,1,A191,A201,1
911,A12,20-30,A34,A42,2500-5000,A61,A72,2,A92,A101,4,A123,20-30,A141,A152,1,A172,1,A191,A201,2
912,A12,20-30,A32,A43,2500-5000,A65,A75,2,A92,A101,4,A123,20-30,A143,A152,1,A173,1,A191,A201,1
913,A14,10-20,A32,A49,0-2500,A64,A75,1,A91,A101,2,A121,20-30,A143,A152,1,A173,1,A192,A201,1
914,A11,20-30,A31,A49,2500-5000,A61,A73,4,A93,A101,2,A122,30-40,A143,A151,1,A173,1,A192,A201,2
915,A12,40-50,A30,A410,17500-20000,A61,A73,1,A92,A101,2,A122,30-40,A141,A152,1,A174,1,A192,A202,2
916,A14,0-10,A32,A41,2500-5000,A62,A73,1,A93,A102,2,A121,30-40,A143,A152,1,A173,2,A191,A201,1
917,A11,0-10,A32,A40,12500-15000,A61,A75,1,A93,A101,4,A124,60-70,A141,A152,1,A174,1,A192,A201,2
918,A11,20-30,A32,A42,0-2500,A62,A71,1,A91,A101,1,A122,30-40,A143,A152,1,A173,1,A191,A201,2
919,A11,20-30,A32,A42,2500-5000,A61,A75,4,A93,A101,2,A122,30-40,A143,A151,1,A174,1,A192,A201,2
920,A14,10-20,A34,A42,0-2500,A61,A73,4,A92,A101,2,A124,20-30,A143,A152,2,A173,1,A191,A201,1
921,A14,40-50,A33,A43,12500-15000,A63,A74,4,A93,A101,1,A123,30-40,A143,A152,1,A174,1,A192,A201,1
922,A11,0-10,A32,A43,0-2500,A61,A72,3,A92,A101,4,A122,20-30,A143,A151,1,A173,1,A191,A201,2
923,A12,10-20,A32,A40,0-2500,A61,A74,3,A93,A101,4,A122,20-30,A143,A151,1,A173,2,A192,A201,1
924,A11,20-30,A31,A42,5000-7500,A61,A72,2,A91,A101,1,A122,50-60,A141,A152,1,A173,1,A192,A201,2
925,A11,10-20,A31,A40,0-2500,A61,A72,4,A93,A101,2,A123,40-50,A141,A152,2,A173,1,A192,A201,2
926,A11,10-20,A34,A42,0-2500,A61,A72,4,A92,A101,4,A122,20-30,A143,A151,1,A173,1,A191,A201,1
927,A11,40-50,A32,A41,10000-12500,A61,A74,4,A93,A101,4,A124,30-40,A142,A153,3,A173,2,A192,A201,2
928,A14,20-30,A32,A43,0-2500,A65,A75,4,A93,A101,4,A123,50-60,A143,A152,1,A173,1,A192,A201,1
929,A11,10-20,A33,A40,0-2500,A61,A73,4,A93,A101,2,A121,40-50,A143,A152,2,A172,2,A191,A201,1
930,A11,20-30,A32,A42,0-2500,A61,A72,4,A93,A102,1,A122,20-30,A143,A152,1,A172,1,A191,A202,1
931,A12,0-10,A32,A43,0-2500,A61,A72,4,A92,A101,2,A123,20-30,A143,A152,1,A173,1,A192,A201,2
932,A14,0-10,A34,A40,0-2500,A61,A73,3,A93,A101,1,A121,20-30,A143,A152,2,A173,1,A191,A201,1
933,A14,10-20,A34,A43,0-2500,A63,A75,4,A93,A101,4,A122,40-50,A143,A152,2,A173,2,A192,A201,1
934,A11,10-20,A32,A43,0-2500,A61,A73,4,A92,A101,1,A123,20-30,A141,A152,1,A173,1,A191,A201,1
935,A12,20-30,A33,A43,0-2500,A62,A72,4,A93,A101,3,A124,20-30,A142,A152,2,A174,1,A191,A201,2
936,A13,0-10,A32,A43,0-2500,A61,A73,3,A92,A101,2,A121,20-30,A143,A152,1,A172,1,A191,A201,2
937,A12,0-10,A32,A43,0-2500,A61,A72,4,A94,A101,3,A123,20-30,A143,A151,1,A174,1,A192,A201,1
938,A12,50-60,A32,A46,5000-7500,A61,A73,4,A93,A101,4,A124,40-50,A143,A153,1,A173,1,A191,A201,2
939,A14,20-30,A34,A41,5000-7500,A65,A73,2,A93,A101,4,A122,40-50,A143,A152,2,A174,2,A192,A201,1
940,A14,10-20,A32,A40,2500-5000,A65,A72,2,A93,A101,3,A122,40-50,A143,A152,1,A174,2,A192,A201,1
941,A14,0-10,A32,A40,0-2500,A61,A73,3,A93,A101,2,A121,30-40,A143,A152,1,A172,2,A191,A202,1
942,A14,20-30,A32,A42,0-2500,A65,A74,4,A93,A101,2,A123,30-40,A142,A152,1,A173,1,A192,A201,1
943,A14,0-10,A34,A40,0-2500,A61,A74,2,A93,A101,1,A121,40-50,A143,A152,3,A172,2,A191,A201,1
944,A11,10-20,A32,A42,0-2500,A61,A72,4,A92,A103,1,A122,40-50,A143,A151,1,A173,1,A191,A201,1
945,A12,40-50,A30,A40,7500-10000,A63,A72,1,A92,A101,1,A123,20-30,A143,A152,2,A173,1,A191,A201,1
946,A11,20-30,A31,A42,2500-5000,A63,A72,4,A93,A101,4,A124,20-30,A143,A153,1,A173,2,A192,A201,2
947,A14,10-20,A32,A40,2500-5000,A65,A71,4,A93,A101,4,A124,30-40,A143,A152,1,A174,1,A192,A201,1
948,A14,10-20,A32,A42,0-2500,A61,A72,4,A94,A102,1,A122,40-50,A143,A152,1,A172,2,A191,A201,2
949,A14,20-30,A32,A43,2500-5000,A62,A75,2,A93,A101,4,A123,30-40,A143,A152,2,A173,1,A191,A201,2
950,A12,10-20,A34,A49,2500-5000,A61,A71,3,A94,A101,3,A123,30-40,A143,A152,3,A171,2,A192,A201,1
951,A11,30-40,A33,A49,0-2500,A61,A74,2,A93,A101,1,A123,20-30,A143,A152,2,A173,1,A192,A201,2
952,A12,20-30,A32,A41,2500-5000,A63,A72,3,A92,A101,4,A123,20-30,A143,A151,1,A173,1,A191,A201,2
953,A14,30-40,A32,A42,10000-12500,A61,A71,4,A92,A101,2,A123,20-30,A143,A152,2,A174,1,A192,A201,2
954,A11,10-20,A32,A40,0-2500,A61,A73,4,A92,A103,4,A122,20-30,A143,A152,1,A173,1,A192,A201,1
955,A11,20-30,A34,A43,0-2500,A64,A75,4,A92,A101,4,A122,50-60,A143,A151,2,A174,1,A192,A201,1
956,A13,20-30,A34,A43,2500-5000,A65,A75,4,A93,A101,4,A122,40-50,A142,A152,2,A172,1,A191,A201,1
957,A12,0-10,A34,A43,0-2500,A61,A75,2,A93,A101,4,A121,30-40,A143,A152,3,A172,1,A191,A201,1
958,A11,20-30,A32,A40,2500-5000,A61,A73,3,A93,A101,2,A123,40-50,A143,A152,1,A172,1,A191,A201,2
959,A12,20-30,A32,A42,2500-5000,A62,A75,4,A93,A101,4,A124,20-30,A143,A153,1,A173,1,A191,A201,1
960,A14,0-10,A34,A43,0-2500,A61,A75,2,A94,A101,2,A121,20-30,A143,A151,2,A173,1,A191,A201,1
961,A12,20-30,A33,A40,0-2500,A61,A73,1,A91,A101,4,A122,40-50,A143,A152,2,A173,1,A191,A201,1
962,A14,10-20,A32,A40,2500-5000,A65,A73,3,A93,A101,2,A124,20-30,A143,A152,1,A173,1,A191,A201,1
963,A14,20-30,A32,A43,0-2500,A63,A75,3,A93,A101,2,A123,30-40,A141,A152,2,A173,1,A192,A201,2
964,A12,0-10,A32,A45,0-2500,A61,A72,3,A94,A101,1,A122,20-30,A143,A152,1,A172,1,A191,A201,1
965,A12,20-30,A32,A43,0-2500,A65,A73,4,A92,A101,1,A123,20-30,A143,A152,1,A173,1,A191,A201,1
966,A12,20-30,A34,A43,2500-5000,A63,A73,4,A93,A101,2,A122,20-30,A143,A152,2,A172,1,A191,A201,2
967,A14,10-20,A32,A43,2500-5000,A61,A75,4,A92,A101,2,A123,50-60,A141,A151,1,A174,1,A192,A201,1
968,A14,40-50,A32,A43,5000-7500,A65,A74,2,A94,A101,4,A122,20-30,A143,A151,1,A173,1,A192,A201,1
969,A11,10-20,A34,A40,2500-5000,A61,A73,1,A93,A101,2,A121,30-40,A143,A152,2,A172,2,A191,A201,1
970,A12,10-20,A32,A45,0-2500,A62,A73,4,A93,A103,2,A121,20-30,A143,A152,1,A173,1,A191,A201,1
971,A14,20-30,A32,A40,5000-7500,A61,A73,1,A93,A101,4,A122,40-50,A143,A152,1,A172,2,A191,A201,1
972,A11,20-30,A31,A40,0-2500,A61,A71,1,A92,A102,4,A124,20-30,A143,A151,2,A171,1,A191,A201,2
973,A11,50-60,A32,A49,5000-7500,A61,A75,4,A93,A102,4,A124,30-40,A143,A151,1,A173,1,A191,A201,2
974,A14,20-30,A34,A43,2500-5000,A61,A73,4,A92,A101,2,A123,30-40,A143,A152,1,A173,1,A192,A201,1
975,A13,20-30,A32,A43,0-2500,A63,A73,3,A92,A101,3,A123,50-60,A143,A152,1,A172,1,A191,A201,1
976,A12,0-10,A32,A43,0-2500,A61,A73,2,A92,A103,3,A121,60-70,A143,A152,1,A173,1,A191,A201,1
977,A12,10-20,A33,A49,0-2500,A65,A75,4,A93,A101,2,A122,40-50,A143,A152,2,A173,1,A191,A201,1
978,A14,20-30,A33,A40,2500-5000,A61,A75,4,A93,A101,4,A123,40-50,A143,A152,2,A172,2,A191,A201,2
979,A12,10-20,A31,A40,0-2500,A62,A73,2,A94,A101,2,A122,20-30,A143,A151,1,A173,1,A191,A201,2
980,A12,20-30,A34,A42,7500-10000,A61,A74,2,A93,A101,2,A122,40-50,A143,A152,1,A173,1,A191,A201,2
981,A14,40-50,A32,A49,2500-5000,A61,A71,3,A93,A101,2,A123,30-40,A141,A151,1,A174,1,A192,A201,2
982,A13,20-30,A32,A40,2500-5000,A62,A73,1,A92,A101,1,A123,20-30,A141,A152,1,A174,1,A192,A201,1
983,A11,30-40,A32,A41,7500-10000,A61,A73,2,A93,A101,2,A122,20-30,A143,A152,1,A173,2,A191,A201,2
984,A14,20-30,A34,A42,0-2500,A61,A74,2,A93,A101,2,A122,20-30,A143,A152,2,A172,1,A191,A201,1
985,A11,10-20,A34,A42,0-2500,A61,A73,4,A92,A101,3,A122,20-30,A143,A151,2,A173,1,A191,A201,1
986,A13,40-50,A30,A49,5000-7500,A61,A72,2,A91,A101,1,A122,30-40,A143,A152,2,A173,1,A191,A201,1
987,A14,10-20,A32,A43,0-2500,A62,A71,2,A92,A101,4,A121,60-70,A143,A152,1,A173,1,A191,A201,1
988,A11,20-30,A32,A41,5000-7500,A61,A71,4,A93,A101,2,A124,20-30,A143,A153,1,A174,1,A192,A201,1
989,A12,20-30,A34,A43,0-2500,A61,A75,4,A93,A101,2,A122,40-50,A143,A152,2,A172,1,A191,A201,1
990,A14,10-20,A34,A46,2500-5000,A65,A72,2,A93,A101,1,A122,30-40,A143,A152,2,A172,2,A191,A201,1
991,A14,10-20,A31,A43,0-2500,A62,A75,4,A93,A101,4,A123,30-40,A141,A152,1,A172,2,A191,A201,1
992,A11,10-20,A32,A43,0-2500,A65,A74,2,A94,A101,4,A123,20-30,A143,A151,2,A172,1,A191,A201,1
993,A11,30-40,A32,A42,2500-5000,A61,A71,4,A93,A101,3,A122,20-30,A143,A152,1,A174,1,A192,A201,1
994,A14,10-20,A32,A40,0-2500,A65,A75,4,A93,A101,3,A123,40-50,A143,A152,1,A173,1,A192,A201,1
995,A14,10-20,A32,A42,0-2500,A61,A74,3,A92,A101,4,A121,30-40,A143,A152,1,A172,1,A191,A201,1
996,A11,20-30,A32,A41,2500-5000,A61,A73,4,A91,A101,4,A122,30-40,A143,A152,1,A174,1,A192,A201,1
997,A14,10-20,A32,A43,0-2500,A61,A75,4,A93,A101,4,A123,30-40,A143,A152,1,A173,1,A191,A201,1
998,A11,40-50,A32,A43,0-2500,A61,A73,4,A93,A101,4,A124,20-30,A143,A153,1,A173,1,A192,A201,2
999,A12,40-50,A34,A41,2500-5000,A62,A71,3,A93,A101,4,A123,20-30,A143,A152,1,A173,1,A191,A201,1
